,full_text
0,bitcoin kontol anjing biadab moga mati semua ente kena ledak bubble hancur
1,bitcoin turun tuh
2,bi bitcoin rupa alat bayar tidak sah
3,bitcoin naik gila turun tiba riskan gitu
4,selamat pagi selamat akhir pekan harga bitcoin hari alami cukup banyak turun di pasar altcoin xrp nxt alami turun ini waktu beli bagaimana anda d
5,baru beli bitcoin dekat atas tu hari lalu mesti tak senang duduk hari ni habis kau
6,beli bitcoin banyak banyak itu bitcoin hilang
7,muskil memang bayang buah cryptocurrency terima semua sektor industribisnis tren ini tiap komunitas sektor bisnis bikin cryptocurrency sendiri misal komunitas ebay global bikin sendiri komunitas design grafis dunia bikin sendiri
8,malam baca ciked ciked cryptocurrency manjang viral harga bitcoin naik dadak borak lah takda function
9,oke pikir buka kursus semi privat buat mau ajar trading cryptocurrency minggu x di bandung dulu yang minat ya
10,kemarin ketemu milik salah satu usaha cryptocurrency besar indonesia lalu bilang wah kalo kamu tau kamu kan main lama see thats how far years of persistence can take you not necessarily persistence mostly shitpost and meme
11,kenal snapex tempat kerja platform margin trading cryptocurrency see more at
12,umur ken s s ken s lalu jadi dosen apply phd dapetdapet kerja pertama ajar crypto ken jadi sosok jadi expert hal cryptocurrency indonesia habis baca manga ken jadi fighter sekian kerandoman hidup aing
13,seperti kalau sharingsharing edukasi mula materi basic blockchain cryptocurrency web industry materimateri lain seru kali
14,apasih beda nya layer cryptocurrency layer fondasi suatu sistem blockchain tangan transaksi dasar sending making amp burning tanggung jawab atas aman lanjut jaring blockchain contoh bitcoin ethereum solana
15,crypto haram islam pandang kena cryptocurrency debat ada beberapa alas cryptocurrency anggap haram utama majelis ulama indonesia mui gharar ketidakpastian nilai crypto fluktuatif tidak dasar aset
16,lagi main game isi sejarah bagai aspek dunia seru sih sambil ajar nah topik sejarah uang bahas barter ke blockchain ni game usaha netral tidak nyebut cryptocurrency apa kalau baca jelas
17,belum pernah join pepe gua coin orang cepat syarat bisa klik link bawah
18,buzzwords web blockchain biasa cryptocurrency nft yes buzzword walaupun datang cuan banyak noda sama bagai scam hack ponzi rugi besar lain tau kalau web blockchain lebih itu
19,berpadapada promote crypto hype produk dulu pergi xx capital conference makan satu meja orang belah ria promote join cryptocurrency layan fuh cerita semua return je bayang nasib orang terima bulatbulat literasi
20,cryptocurrency topik paling panas tahun sekarang udah mulai lelep overall market drop rata investor retail indonesia udah mulai kapok banyak berita cenderung negatif kaya gin terus masa depan crypto udah mati a thread
21,bitcoin cryptocurrency kapital besar dunia alami naik signifikan pek nilai roket hingga digit tepat pek akhir
22,renzo rez binance research rez rupa buah liquid restaking protocol mudah guna staking cryptocurrency ethereum eth renzo protokol mudah guna staking cryptocurrency ethereum eth renzo hilang kerumit
23,jadi masa depan cryptocurrency mungkin letak sama sekali finance di seluruh ekosistem web the new version of internet hal lagi betul kerja talent handal dorong visi decentralized open internet
24,video kama hizi ni mhimu sana kuzingtia kufuatilia na kujifunza kitu cha msingi kwa ajili kujiongezea kipato hii ni full course yenye manufaa
25,mulai masuk masa mana orang kaliber tinggi bahas cryptocurrency anti sama crypto tidak paham banyak salah konsep paham crypto web orangorang kaliber sangat jago respected bidang paham
26,mobee pop up quiz siapa pertama kali kenal konsep cryptocurrency
27,seperti jabat menggu an ilmu santet biar kembali kenapa pilih bayar jenis coin crypto monero hacker sering pilih cryptocurrency monero xmr monero rancang beri tingkat privasi tinggi guna
28,apa alamat cryptocurrency alamat identifikasi unik digu an kirim terima rangkai huruf angka wakil tuju tiap transaksi lebih paham
29,benarbenar ramah lingkung ingin dengar dapat ikan komentar bawah gabung cakap
30,berita terpopular sangkut ethereum pek masih agam mulai prediksi harga eth tahun hingga mampu ethereum
31,jaring tega jahat uang as fincen buah biro departemen uang dapat binance kait platform cryptocurrency ilegal bitzlato
32,bitcoin cryptocurrency lain koreksi hari senin kemarin aset kripto lonjak level tinggi sejak agustus lama akhir pekan
33,ceo jpmorgan jamie dimon bahas pikir suku bunga bitcoin turut federal reserve ini perlu naik suku bunga perlu lebih tinggi
34,menteri uni emirat arab thani alzeyoudi kata crypto pegang peran penting dorong dagang lebih lanjut negara sebut
35,francois villeroy de galhau gubernur banque de france dorong standar atur lebih ketat usaha cryptocurrency prancis ini tuju tanggap volatilitas gera harga industri kripto crypto winter baru jadi
36,rohit nih bos senggol dong andi p
37,januari cipta bitcoin pseudonim satoshi amoto tambang bitcoin pertama sekarang kenal genesis block enam hari rilis awal perangkat kamu bitcoin luncur jaring cryptocurrency
38,china luncur pasar nft nonfungible token pertama kung perintah negara ada ini jadi tanda baru terap teknologi duduk area abuabu legal atur negara yang kenal ketat cryptocurrency
39,ndo wkwk sesuai apa ken
40,ndo kalau emang k kuat naik malah turun mungkin k harap akhir bikin naik moga aja turun lebih k cuman apadayanya retail kecil tau hanya whale punya big data
41,berita departemen hakim as sita sbf ada robinhood
42,apa bonk inu bonk koin meme shiba inu versi solana
43,adapun beberapa koin menggu an fitur privacy coin ini monero xmr zcash zec dash dash
44,bahahaha
45,hanya kerja balik layar kini perempuan bisa terjun langsung lapang kerja hasil karya sendiri
46,reminder buat udah cuan take profit berapa persen tulis pnlnya kalau realisasi wd bank kalian tidak jadi uang rasa bisa naik dari sini minimal jual aja bagi dulu aman uang
47,cinta komunitas gabung kami telegram bersenangsenang lebih banyak arpa
48,ndo lihat timeframe jam btc lewat k mungkin naik dulu k doa aja bisa lewat k
49,butuh tukang pijat bisa cryptocurrency
50,kata tahun rupa tahun gejolak dunia cryptocurrency kita lihat banyak peristiwa khusus jadi
51,mau ajar cryptocurrency
52,tahun nyari phd tolak bas kali lalu putus udah ah mungkin bukan rejekinya cari kerja d bidang cryptocurrency sekarang mulai rasa settle barusan dapet info bimbing pas thesis buka lowong phd hidup canda hidup dunia hanya senda gurau belaka
53,jadi sedang jalan halaman twitter cryptocurrency telegram temanteman sangat silah gabung sedang mikir panggil buat follower setia apa ahli kitab ahli kripto apa
54,ayo milenial melek investasi investasi cuma sukuk emas loh juga cryptocurrency mau ajar silah daftar telegram minggu pertama gratis
55,hampir seluruh pasok bitcoin btc edar ada dompet bursa cryptocurrency utama akun twitter the token analyst
56,komen tentang cryptocurrency merah komentar negatif kuning netral harga naik komentar positif
57,salah satu moda investasi cryptocurrency salah satu bukan satu sendiri cuma main cryptocurrency jangan masuk semua telor keranjang
58,istilah blockchain memang bilang asing bagi besar orang internet masa awal muncul itu banyak orang bingung bahkan ragu
59,hmmm topik sebar by frequency udah lumayan sering upload tunggu materi cryptocurrency minggu subscribe dulu la
60,harga bitcoin atas juta eh bro ajarin aku cara beli bitcoin investasi cryptocurrency dong aku lihat lihat potensi tarik nih harga bitcoin turun lah kamu main kayak gituan kagak mungkin hasil kamu brooo investasi bodong people are funny
61,beberapa waktu lalu ajak diskusi sama orang tarik sama blockchain giat cryptocurrency tau dikitdikit lah blockchain udah ngobrol kenal basabasimuncullah suatu tanya
62,sebentar pasuk fase mana semua orang jadi jenius kaya cryptocurrency
63,sepakbola sekarang adopsi cryptocurrency
64,bayang dunia digital tidak situs web hancur tidak konten dapat sensor siapa selain milik domain web
65,parlemen inggris cetus ide warga bayar pajak menggu an bitcoin lho eddie hughes anggota parlemen rasa parlemen mulai adaptasi dan revolusi teknologi
66,kalau lihat komen legit gan postingan yang jelasjelas scam tuhhadeh
67,harga crypto naik bagi kalian mau mulai investasi mending beli sekarang deh pantau market caps crypto
68,atur anti cuci uang mulai laku uni eropa
69,opera luncur browser baru dapat dompet crypto dalam
70,indonesia ajar turki banyak situs blokir perintah turki bakal redirect situs isi ads bahkan mining cryptocurrency bahkan situs un sekalipun
71,pihak wenang cina tangkap orang duga laku jahat cryptojacking
72,iran kembang cryptocurrency bank sentral larang tukar bitcoin lengkap klik
73,jumlah prediksi makin terus kurang iring turun harga mata uang virtual sebut
74,reddit henti terima metode bayar menggu an bitcoin image
75,thailand laku pajak cryptocurrency
76,perintah iran token baru telegram rusak mata uang nasional
77,g ada diskusi pisah cryptocurrency minggu depan
78,regulator uang jepang tetap keluar hukum beberapa cryptocurrency exchanges minggu serta tutup bagi
79,presiden venezuela nicholas maduro klaim hasil luncur jual petro cryptocurrency keluar pertama kali negara
80,kumamotoenergy produsen listrik lokal jepang umum mereka menggu an energi matahari tambang cryptocurrency
81,bank indonesia turut manfaat hadir teknologi blockchain jadi teknologi dasar operasi cryptocurrency misal bitcoin amp mata uang digital lain tdk tutup mungkin mata uang rupiah ubah jadi digital read more
82,atur baru sebut paksa tukar mata uang virtual malaysia amanat patuh kyc masuk kumpul dokumentasi id
83,otaku coin cryptocurrency baru para otaku
84,apa tuh cryptocurrency simak ulas
85,fokus artikel atas adalh aspek positif cryptocurrency bukan aspek spekulasi spekulasi malah rusak ekosistem cryptocurrency aspek spekulasi hanya serakah yang arah bubble artikel atas lihat cryptocurrency segi inovasi bukan spekulasi
86,prediksi jadi tren dunia teknologi tanah air tahun simak informasi dasar mata uang digital bitcoin kamu terus ikut kembang klik
87,mata uang digital bukti bikin orang kaya dadak contoh orang mereka jadi miliarder dunia garagara demam cryptocurrency
88,selamat malam smart people jaga yang sedang skripsi ngerjain tugas kuliah boleh istirahat seje nyimak info yang boomingboomingnya
89,lumayan banyak dm nanya soal bitcoin dkk coba buat thread jelasin sini aja reminder rupiah satusatunya mata uang sah indonesia amp bukan expert jadi dyor apa cryptocurrency
90,video jelas jatuh harga cryptocurrency
91,guna mata uang digital atawa cryptocurrency bitcoin etherum ripple makin luas banyak negara merespon legal meski tak sedikit boikot
92,teknisi nuklir tambang cryptocurrency pakai superkomputer
93,kemerleri bagladik mi
94,bursa bitcoin jepang retas bobol rp triliun bursa uang digital cryptocurrency besar jepang
95,gamers kata kesal miners harga vga lonjak pakai mining cryptocurrency siap samsung buat chip no sekarang dunia kabar mensupply chip asic khusus mining pabrikan rusia china
96,coincheck bursa cryptocurrency jepang bobol bagaimana nasib gaji virtual currency girls
97,cryptocurrency baru ratus token ramai pasar
98,perhati media mainstreamlihatlah masif bahas cryptocurrency aman hebat gosah heran arah udah jelas terus klean akan bondong iya tunggu aja sesal
99,facebook blokir seluruh iklan cryptocurrency
100,salah satu cryptocurrency besar bitcoin awal sesuatu hebat mata uang perintah
101,bitcoin cryptocurrency per januari satu bitcoin tara usd naik turunnnya bitcoin sudah sadar guna investor
102,yang minning cryptocurrency menggu an bot telegram gimana
103,menkeu ingat masyarakat gu an cryptocurrency
104,bitcoin cryptocurrency jadi katakata sering dengar akhirakhir yuk simak jelas wahyu anggoro bitcoin dan diskusi lebih jauh kena topik di line bagikata
105,sebut virtual currency tidak sebut cryptocurrency juga masuk uanguangan tempat main timezone voucher
106,kembang mata uang digital cryptocurrency cepat agresif fundstrat global lacak dapat kit
107,bitcoin kontolasu biadab moga mati semua ente kena ledak bubble hancur
108,bitcoin tarik
109,cerah itu bitcoin cara dapat bitcoin dgn betul bagaimana cashkan bitcoin potensi amp profit lalu bitcoin tempat pusat latih levender taman levender heights m a s u k p e r c u m a rahsia bitcoin perlu tahu
110,selamat pagi sahabat digitalexchangeid ikut update top cryptocurrencies periode desember kabar kini digital aset pagi semua harga aset alami turun harga bitcoin turun besar bagaimana kabar aset kamu hari
111,analisis harga bitcoin juli kalau suka upload kayak ginian mohon masuk ya disclaimer bukan financial advice
112,blockchain cardano what in gods name is that buat follow atau dar lihat rtan tweet pasti suka denger pintas kena halhal ikut blockchain cryptocurrency bitcoin xlm xrp btc lain bagai
113,mau asumsi media mainstream kontrol sama elit dunia politis perintah bankir investor besar mau kaya diri dong cerita mereka udah punya crypto nih anggap aja punya bitcoin banyak org mau beli harga naik kan
114,kurang tuju sama nyata klo bitcoin bubble bear market iya bukan belum bubble
115,sarafu kidigitali bitcoin yaporomoka thamani kwa kasi jana desemba bitcoin ilipungua thamani kwa zaidi ikishuka chini usd kwa bitcoin ikiwa ndio thamani yake ndogo zaidi kwa zaidi mwaka mmoja soma
116,kalau punya utangcicilanpakai untuk lunas dulu mau ngasih orang tuakeluarga juga jadi juta ini tiap bulan investasi definisi investasi batas beli beli bitcoin
117,btc short btcusd xbtusd
118,siapa aja sih cryptocurrency ada besar coin market cap silah dicekgoogling ajar websitenya mau ngadain salah satu ini bitcoin ethereum ripple litecoin bitcoin cash eos stellar lumens cardano iota tether
119,event cocok mahasiswa orang tarik development blockchain tuh teknologi belakang bitcoin cryptocurrency sabtu agustus lo ka si jalan juanda no bandung pukul dont miss it
120,pikir beli bitcoin harga juta langsung jadi jutatanpa perhati risiko si juta turun jadi juta
121,argumen kenapa bitcoin layak sebut bubble sekali lg bilang argumen bisa salah dia turun lebih dan jangka waktu lebih panjang waktu lama tabel gambar dua tambah aja buat diskusi heheh
122,lalu harga naik usd jual deh uang jadi usd anggap usd nikmatinlalu pas harga turun jadi usd beli pakai usd ada dapet bitcoin harga murah siklus ulang ulang
123,mending jual skrg rugi total pikir jual jual jual harga makin turun apa laku harga turun para investor elit dunia beli lah harga murah untung besar ibarat beli bitcoin usd beli usd
124,kira sekarang mana di fase harga jatuh nih tipsnya google aja bitcoin news today cryptocurrency news today lihat nih kalo ketik hari di google hasil
125,patut tun masuk mlm kasi setel masalah hutang negara ni tak main bitcoin main forex dulu dah kanto sekali
126,pak jon ken dong nanyalah si boygimana cara main crypto diajarinlah pak jon daftar exchange gimana cara jual gimana cara beli coba beli dulu juta rupiah ke bitcoin besok juta tadi langsung jadi juta keranjingan
127,karena bitcoin dominasi lihat aja market cap bitcoin hampir tengah total kapital lalu semua exchange kalo mau nukar sama fiat nukarnya sama bicoin
128,karena bitcoin udah curi start banding altcoin hampir taun iya mungkin mengeciltapi it takes time skala nya tahun eth xrp mungkin ngalahin btc
129,banyak berita sumber media tidak familiar kan macem coindesk segala saya yakin banyak baru denger lol nah beda saat bulan novemberdesember coba googling bitcoin news december november
130,fud fear uncertainty and doubt berita bikin takut harga jatuh misal berita is this the selesai of bitcoin padahal harga cuma turun fudster orang nyebarin fud
131,lets start nih cerita ya bas coin btc act bcd bch btg eth etc ignis ltc nxt stq ten waves xlm xrp xzc dash doge semua singkat kayak main misal bbca bank bca btc bitcoin eth ethereum
132,regulationgovernments misal nih berita perintah india mau ngeban bitcoin harga bakal turun berita tu fud misal ada atur baru kena pajak main crypto nah bakal buat harga turun naik
133,whale alias bandar misal suatu exchange rb coin misal bitcoin orang banyak cuma punya bitcoin nah orang punya bitcoin bisa mudah nyetir harga jual bitcoinnya aja turun drastis tuh harga
134,arbitrage ngambil untung beda harga exchange beda misal beli bitcoin indonesia lalu jual pasar amerika fomo fear of missing out asa mau tinggal kereta harga naik mungkin naik lebih jauh
135,kalau udah turun drastis biasa a baru amatir takut kayak kasus pak jon jual bitcoin siapa menang si whaledengan gitu bisa beli bitcoinnya harga murah
136,fa fundamental analysis prediksi kualitatif event jadi dunia tim developer cryptocurrency dari kondisi psikologis orang fork buah blockchain cabang jadi entitas beda misal bitcoin bitcoin gold
137,whale alias bandar orang punya banyak cryptocurrency misal punya bitcoin margin trading trading dgn higher risk higer return basically mmpertaruhkan crypto kamu punya mndptkan ksmpatan untung lebih banyak sara ada unsur gambling
138,hodl benar typo hold alias tahan pegang erat cryptomu despite kondisi pasar lambo lamborghini se harap klo sukses d crypto bsa beli lambo moon harga naik sgt tinggi kaya pas akhr bitcoin naik usd beberapa minggu
139,investing basically naro uang tunggu bbrapa wktu dgn harap prgerakan dinamika pasar mmbuat uang kita taro tambah contoh beli bitcoin awal januari harga juta diemin taun kemudian lalu jual pas akhir desember harga an juta untung juta
140,juta hasil main bitcoin tadi yaudah pakai uang juta tadi beli xycoin puas dia pikir kalau balik modal lebih x gua pinjem orang gapapa deh akhir tabung renovasi rumah nila juta tambah pinjem uang mertua juta
141,pak jon baca altcoin beda suatu dia dapet info buah coin anggap aja nama xycoin instagram banyak sekali bilang coin bagus akan jadi bitcoin ikut bahkan ada kisah orang sosmed
142,leogemini prod me
143,jadi soal btc bearish stq timbang rasa udah telat udah naik jauh gamau fomo nih ttep weekend nnt baca dulu mau fa stq btw ni analisa
144,ginicryptocurrency mulai ad mulai ditradingkan sjak an bayangin org dri taun sgitu beli bitcoin misalny perlahan para miners sudah nambang dr dulu mrka psti puny bnyk bitcoin nah sebut whales kalo istilah crypto basically bandar lah
145,klo mrka mau nurunin hargayaudah amin jual k iman dgn harga juta semua bitcoinny harga bitcoin d pasar turun dong kalo turun tinggal borong bitcoinnya dgn harga murah manipulasi sprti cukup umum d dunia cryptocurrencyjadi emang extra hati
146,asosiasi sama sisi negatif nya internet banyak bilang bitcoin banyak pakai buat transaksi ilegal deepweb lalu banyak bilang haram tipu segala nya gimana dong ngejudge lebih baik do your own research putus sendiri
147,dua kuasa pasar dong cerita harga bitcoin waktu juta misal si amin beli bitcoin iman exchange harga juta lalu si iman beli dari amin bitcoin tadi harga juta
148,kalau pribadi nih saya megang eth xlm sama xrp entah bitcoin rasa kurang nyaman aja klo pintas lihat unggul cmn jadi cryptocurrency pertama ada lagijd sy rasa lain lbh prospek
149,analisis kena cryptocurrency maaf kalau banyak istilah susah silah tanya diskusi sengaja pakai bahasa inggris biar orang luar ngerti ngelike biar dapat uang steemit lol
150,misal bilang tiba ken beli batu harga x lipat ajax lipat bisa nah sama cryptocurrency skrg harga bitcoin misal terkolerasi sama energi modal yang pakai buat mining kalo analogi batu nyari batu sisa pulau
151,the fact sbg alat bayar crypto tu ilegal bayar sah indonesia cuma rupiah bagai alat investasi diperbolehkanwalaupun bu sri mulyani mewanti hati resiko memang tidak awas ojk berita
152,mmm tambah nih bahkan masjid nerima bitcoin buat zakat
153,lihat sesuatu bida improvisasi sistem blockchain bitcoin tapi intern biasa pandang belah mata beres intern bitcoin magazinemulailah bekerjasama sama orang bikin protocol cryptocurrency baru
154,luno cuma btc sama eth misal memang main d luno lebih prefer eth bitcoin mahal mulai banyak kompetitor lbh baik
155,batu bitcoin nya sistem catat uang blockchainnya lain bner data d mined tadi ada sama kriptografi matematika
156,yup prediksi beberapa ahli crypto taun buat yang awam kalo benar wahana nyari uang naik kelas kelas bawah tengah jadi borjuis hahaha mining so far ckup untung mas ibarat beli gpu juta bsa dpt bitcoin dolar kan
157,levelup
158,while its true di awal sebut jadi harga bitcoin naik an usd usd lalu jatoh usd perlu dilihatada return to the mean arti gera harga ke asal
159,nah makanya bilang kurang ssuai dgn visi satoshi masih volatile ini jadi dulu bitcoin cuma dapet pizza skrg bitcoin an dolar sekian juta bakal terus kayak gin lets say tahun sudah settle
160,bitcoin bangun digu an tuju wang teknologi blockchain aplikasi pelbagai bidang tnb salah satu company explore teknologi ni
161,pertama kenal istilah cryptocurrency yuk bitcoin bitcoin cryptocurrency pertama besar sekarang altcoin semua cryptocurrency bitcoin masuk bitcoin gold bitcoin cash ethereum litecoin
162,jadi cerita tahun satoshi amoto buat protocol bitcoin sekarang tau siapa satoshi ada yang spekulasi adalah elon musk soal siapa yang pintar inovatif ada yang spekulasi
163,toped emaz spreadnya gilee sama beli angka digital mending bitcoin
164,cryptocurrency thread pa bitcoin blockchain lanjut disclaimer ilmu di bidang masih rendah kalau salah silah koreksi open for discussions and questions
165,mau teknis banget bitcoin for dummies kalau buku agak jarang kalau mau follow beberapa page twitterig mau diskusi sama jg bsa cth twitter cth ig cryptolol cryptonary
166,nah bitcoin teknologi nama blockchain saat harap ubah dunia sistem bayar bagaimana hasil lanjut thread part besok maaf sudah ngantuk
167,timestamp tanggal block sebut bentuk data bitcoin misal rupa catat semua transaksi ada pernah laku contoh tanggal lalu ngirim ribu mas jon lalu tanggal lalu terima uang ribu bang jek
168,lalu orang milik cuma satu bitcointapi punya pecah up to per juta satu satoshi satoshi juta bitcoin ibarat si batu pulau tadi milik orang masing punya kan nah cerita lanjut nih
169,mulai cryptocurrency jadi aset digital dagang misal tuker bitcoin sama litecoin lalu tahun a muda lahir nama vitalik buterin orang intern bitcoin magazine kalo salah punya basis programming
170,catat harga bitcoin nya sekarang an dolar data per beberapa menit lalu saya trading lol nah pakai bitcoin ada pula jadi kapitalis tradinginvest bitcoin kan mulai masuk era aset baru
171,nah inti bitcoin tu gerak atas platform blockchain tadi data ada blockchain secure pakai cryptography misal usernamenya mkbijaksana mata umum ditranslate jadi angka huruf random kayak gin atwmnzipneverbzsnpjtzypx
172,kompetisi mndapatkn batu sisa trsebut jadi lebih berat kan tadi orang sekarang orang makanya harga si batu bakal naik asal batu hp sekarang batu beli hp analogi bitcoin mining pnjlasan mudah knapa hrga bitcoin dr dulu naik terus
173,pas financial crisis banyak kan ekonomi collapse saat nah ada jawab tuhan tahun bitcoin whitepaper keluar apa whitepaper jadi whitepaper se draft atas jelas teknis jelas kena bitcoin
174,nah masalah teknis bitcoin blockchain satoshi amoto mempropose sistem banyak adopsi skipskip jml bitcoin akn ad in existence dbuat juta analogi batu d pulau td yang udah mined ad an juta analogi batu d pulau td
175,perlahan makin bnyk org mncoba menggu an bitcoin media bayar salah satu beberapa hari lalu tahun lalu transaksi bitcoin pertama dlakukan ssorg beli pizza bitcoin harga bitcoin ekuivalen berapa puluh dolar pizza gitu dulu
176,informasi kena bitcoin nah temen pernah denger kan ttg bitcoin yuk bahas sedikit gimana bisa ubah hidup sy jadi saya jalan bisnis hias casing hp investasi dikit sahamsaya iseng nyoba main cryptocurrency
177,harga turun dong aja sekarang juta bulan depan juta arti tiap bitcoin kita punya rugi ribu kan note nyata harga bitcoin juta kita beli bitcoin bahkan jadi beli jtaeun bisa tapi gambar
178,kerja bidang it tahu apa blockchain and how powerful it is bitcoin cryptocurrency in general analogi alibaba uber gojek facebook lain a disruption udah banyak jadi kaya cryptocurrency
179,contoh bitcoin bisa analogi bagai kasus pernah di indonesia dulu kasus louhan anthurium batu akik lain mirip kan kasus harga roket its bound to crash
180,belum sama kayak si amin giur sama cepet kaya cryptocurrency beda baca dulu tidak mau asal investasi jadi bodoh nah ngabisin minggu apa tiap hari jam baca kena cryptocurrencynah awal desember investasi jumlah x d bitcoin
181,bitcoin is halal
182,ada banyak cryptocurrency cuma bitcoin saya kasih gambar harga cryptocurrency akhir tahun november bitcoin juta ethereum juta ripple ribu litecoin juta ada banyak nah cerita
183,kisah tiga inget booming aset digital alias cryptocurrency bitcoin apa nama booming banget tuh akhir berita harga naik puluh kali lipat waktu beberapa minggu adalah temenkenalan bilang kaya bitcoin
184,crash alias turun banyak kejap harga bitcoin gambaranpas november an juta awal tahun juta akhir januari kemarin sempet turun sampe an juta si nxt beli si amin sendiri turun rb bayang kan
185,kekcoin developer update kekcoin core v release kek btc crypto
186,november harga cryptocurrency tsb jauh lebih kecil yang cuman nya yang nyadan bagai arti kalau beli misal bitcoin bulan januari harga juta beli bitcoin pas november dapet juta kan untung jt
187,bitcoin lama jadi fanboism kl yang beda dapat langsung naik pitam
188,sekarang ikut pake coinhive alias numpang mining bitcoin siapa buka websitenya baca ditask manager pakai cpu sd browser opera aku note cpu aku pakai i hubung ini web banyak ngebantu jadi gpp sekali
190,tidak percaya nih kasih lihat contoh coin legit bitcoin deh lihat tuh hari hampir tahun buat nyangkut pucuk buat balik modal
191,lama hari tadi misal tidak ndablek rela aku salah lalu cut loss misal lalu akumulasi nabung pelanpelan lama harga bitcoin sekarang akan sangat cuan udah set for life mungkindibandingin dar hodl
192,sekarang orang senang bitcoin ke usd mungkin bisa lihat usd nanti semua institusi cukong main besar lain pada take profit iya masa beli doang jual akan lihat the real bloodbath
193,bilang elon pompom doge harga jadi naik bilang elon mau adopsi crypto harga jadi naik lalu elon bilang tesla tangguh bayar bitcoin harg jadi turun you guys believe this shyte if yes you guys are ngmi
194,dulu jaman turun crypto udah kayak sarap bayangin bitcoin kemarin turun crypto lain turun yang lebih gimana kalo turun woi altcoin bakal berak darah shitcoin udah berak jadi darah darah berak darah
195,percaya wargenet twitter cuma punya usd bitcoin duit dapet minjem temen kuliah akan ngaruh apaapa bijak tesla
196,akhir bitcoin btc breakout sinyal ikut prediksi analisis teknikal btc
197,bitcoin ethereum lain lah dikitdikit kayak bnb kcs ftt jangan lupa ajar sisi teknikalnya dlu
198,join lah sini buat ajar trading biar pas bitcoin crash ludes semua uang kontak telegram only mkbijaksana nonacrypto
199,saham bris kata lebih besar bitcoin gainsnya mana kemarin account pompom bilang gitu sini dong ken aku ketawain kata fundmntalny gu noh
200,bestnya siapa pandai main bitcoin semua tu
201,aing nunggu bitcoin balik bawah banyak kisah hilang uang habis modal siapin popcorn
202,kini harga lepas harga kg emas
203,yen rekor
204,kan bitcoin ke k bang ke juta usd bang kamu tinggal kamu bitcn bs k jut usd bodo saya gaakan beli kalau ada setup harga bagus nunggu koreksi nanti kamu tinggal kereta dong gapapa arti rejeki
205,beliin bitcoin semua bisa beli rumah cash duit ludes there is no inbetween
206,minggu akhir at least sodara nanya gimana cara main bitcoin at least temen lama ilang tau datang minta advice masuk crypto gimana i dont know somehow aku mau ngeladenin either ignore jawab perlu soal biar rugi
207,so in case of bitcoin crypto lain lebih naik ini kalau udah naik gin emang bagus buat masuk tidak lah tunggu koreksi dlu
208,beli bitcoin sekarang masuk juta pake tabung buat sekolah a bisa jadi juta kejap bro siapsiap rugi besar aku bilang gitu
209,kan bang taun beda bitcoin naik terus bullish banget bang
210,kalau yang nanya bitcoin legalharam se nya kasih semua trader indonesia mungkin tuju hal
211,tentu model pikir orang menggu an bitcoincryptocurrency tanya gimana dapat lo bitcoin
212,bitcoin k usd sampe juta tuh inti jangan lupa
213,bilang investasi bitcoin aja yang bilang crypto underlyingnya yang bilang technical analysis bullshit lalu ada aku yang cuan terus tinggal berak
214,gue yakin paling bawah udah paling ganas simpan makhluk aneh sana penjara makhluk scp portal area maklhuk purba sana buat se zoo ruang penyiksaanpenculikanpembunuhan sana dokumen rahasia negara bitcoin ruang psychopath
215,tiba saat orang tanya agama apa jawab bitcoin
216,sekarang harga k kalau ikut prediction puak analisis onchain data and so on pi k either eoy awal next year think about it x on your investment for less than months hati mau kental bila price correction keep hodl
217,hantar malaysia el salvador menggu an lightning network
218,dimarahin sama moonbois para ingpluencer nih btc
219,dulu jaman bitcoin rebu usd bilang mau coba short deket rebu nah sekarang kok deket rebu malah pada jadi moonbois manusia memang unik
220,bitcoin desentralisasi suplai batas lawan bank sentral blablabla what if bank sentral laku money printer go brrrr alias cetak uang sebanyakbanyaknya lalu buat beli bitcoin hayoloh mau pihak tradfi laser eyes
221,cari crypto sudah dekat sama ath all time high harga tinggi pantau mau langsung beli bebas ath jebol borong diemin biarin naik terus bitcoin tandatanda crash tunggu upeti tanda terima kasih not financial advice
222,hasil analisa yang kalau cocok sini debat ngopi bahas civilized bitcoin bonus mungkin ethereum mungkin wick al an xrp bawah mungkin
223,kalau cuan aku jenius crypto masa depan desentralisasi wooo legit maslahat umat kalau rugi bitcoin scam eth ponzi crypto haram judi monkey business ada underlying valuenya
224,kenal agama baru bitcoin
225,dia tipsnya baik jangan beli sekarangsekarang sabar aja beberapa minggu bulan saat koreksi dalem situ bisa beli aset crypto harga relatif murah mau beli ayam pasar aja nawar masa beli bitcoin kagak nawar
226,no shitcoin mungkin iya bitcoin eth kawan not at all
227,semua sadar waktu
228,burrrratttttt
229,gap atas kecil isi nah pilih akan lanjut atas tutup gap atas lama blm isi pas jatuh k lanjut turun dulu nutup gap bawah di kk
230,bayar janji updatesgt video analisa baru whales bukti gerak btc tsla mmm tonton langsung
231,tunggu yaajika proyek defi stablecoin gugat oleh arti koreksi
232,hash rate bitcoin hash rate rupa indikator sehat jaring blockchain makin tinggi hash rate makin banyak miners partisipasi makin tinggi aman jaring naik hash rate bitcoin cermin percaya makin tingkat
233,mumpung turun harga coba nabung nyicil dapat minimal bitcoin beberapa ethereum paham cara ajar jangan terburuburu coba arah tidak jual jual sedikit di masa depan
234,bitcoin usia tahun januari satoshi amoto hasil goblok pertama
235,news selisih pertama crypto regulator bahama amp manajemen baru ftx gemini genesis amp dcg news gemini regulator bahama amp ftx genesis dcg watch
236,tahun lalu januari genesis block bitcoin goblok pertama hasil satoshi amoto serta tulis chancellor on brink of second bailout for banks ingat apa bitcoin cipta
237,tahun lalu hari aset digital ubah dunia lama lahir selamat ulang tahun
238,hbd bitcoin
239,agak veteran dunia crypto mungkin saran paling harga buat baru masuk stick to bitcoin mungkin sedikit ethereum everything else is kalau cukup kuat fundamental tiputipu
240,ceritain gimana kalian pertama kali kenal dong
241,crypto bros minggu lalu salah satu petinggi bank sentral eropa bilang bitcoin sedang tuju ketidakrelevanan bilang promosi bitcoin milik resiko reputasional kalian gimana
242,hari tahun lalu goblok nol genesis goblok bitcoin mining semangat muncul bitcoin adalah sistem uang sekarang bobrok
243,misal harga crypto anggap aja bitcoin k usd lalu mau beli hasil analisa lihat mungkin turun k usd kita beli sekarang nunggu di k catat jadi k dulu langsung terbang ke k tarik nih bahas
244,weekly updates buat bitcoin pasar crypto lain hasil riset crypto beberapa tahu jadi investor trader siapa mau
245,lalu public nah sini masyarakat umum masuk lihat aja pas bitcoin usd semua orang ngomongin crypto tukang bakso depan rumah investasi bitcoin akun instagram ubah jadi edukasi crypto mulai semua bahas crypto crypto crypto masih sampe sekarang
246,silah lihat hargaharganya mungkin bedabeda tipis lah exact number jadi bitcoin akan bullish lanjut naik sudah kondisi ya
247,btc bitcoin turun hampir sejak akhir vs kembang web dunia kamu anti crypto moda investasi kamu bisa abai maju web saja
248,contoh predictive bitcoin naik zona fibonacci turun k
249,wajar cbdc
250,bandingin dulu sama bitcoin
251,jangan lupa orang teriakteriak bullish k soon orang sama nyuruh kalian beli pas ath lalu bilang harga bitcoin ke k
252,bitcoin closing doji tanda sideways area saya mention kemarinkemarin ema golden cross nih btw
253,bangun tidur bitcoin ngepump
254,sangka harga naik news update crypto bubbles teknikal bitcoin wisdomtree aju etf bitcoin spot deutsche bank laku lisensi crypto custody big update polygon labs klik sini
255,beberapa jam akhir sideway kuat dorong atas k ekspektasi apakah naik di k hari
256,kadangkadang rezeki datang bentuk free homemade french fries cawan air limau kasturi sejuk pandang alam meng harga naik udara segar tiada cahaya palsu tiada npc around selfcustodial bitcoin wallet amp baca tulis quite few in the dms tanya mana
258,dah beli bitcoin bagus sekarang keluar btc tu exchanger masuk cold wallet simpan btc exchanger ibarat simpan emas bank bukan milik benar bajar jadi ftx shut down simpan semua hilang btc masing
259,belum bahas kena lefttranslated cycle supercycle bob ingat kalau cycle kali nampak terlalu mudah para bitcoin holder dalam tahun kemarin jadi koreksi average sekitar per koreksi ratarata
260,bikin tidur nih bitcoin
261,looks familiar guys chainlink rupa coin movementnya konsolidasi sejak mei pernah lebih tinggi tidak pernah lebih rendah based on theory konsolidasi akumulasi will it be like bitcoin cash
262,orang kapasitas intelektual tentu beneran ngerti apa bitcoin akan beli
263,quick update silah nikmat analisanya let me know what you think
264,news lansir dri grup besar bitcoin tl cryptoquant yakin tuju sec spot bitcoin etf picu sellthenews event dapat turun harga hingga k
265,crypto penuh lika liku gimana kirakira crypto nih kriptosias
266,si coin crypto paling plagiat coin apa kirakira coba tebak mustahil ada tau doge milik tekhnologi sama bitcoin cipta sindir tekhnologi bitcoin siapa sangka coinya malah jadi kenal bitcoin
267,bitcoin ethereum xrp bnb semua close candle timeframe h nya kayak gin jelek ya most likely cryptocrypto lain bgtu
268,baru sutradara keren bikin karya seni lihat tuh bitcoin poster
270,konteks pernah backtest cara beli bitcoin ampuh banget lihat sini video
271,filem vigilante ubah sistem ni banyak dah rasa semua tak jaya buat satu filem jaya plak tengok dunia ni jadi apa kalau sistem ni dah takda orang dah tak fiat beli latte emas bitcoin
272,bouncebit bb binance research bayang bitcoin uang digital simpan gitu doang nah bouncebit hadir konsep restaking btc buat bitcoin hasil cuan bouncebit punya kerangka kerja inovatif gabung cefi centralized
273,bitcoin juga tarik iotex
274,sejarah baru bitcoin per tanggal mei akhir inflow gbtc grayscale source farside investors
275,analisa bitcoin closing candle april merah di sini
276,breaking jaring lampau miliar transaksi proses
277,bitcoin udah naik per maret saat beli lebih baik cari tau dulu apa bitcoin bitcoin kumpul buku layak to read about a thread
278,lfg sofar price action movement maintance bullish momentum amp baru keluar akumulasi zone cat tarik karna salah satu platform gamefi ada ekosistem bitcoin itu tokennya digu an ikut launchpad bakeryswap
279,minggu saya good momentum trade bitcoin lihat weekly close lets breakdown the setup
280,cryptocurrency pertama bukan konsep cryptocurrency hadir tahun satoshi amoto rilis whitepaper bitcoin konsep cryptocurrency pertama kali cipta orang cryptographer nama david chaum juga cipta
281,mas kalau bitcoin milyar entar mau ngapain mas jadi tukang gambar anime aja mas masa depan sugoi sekali
282,bitcoin roket terbang ini altcoins tekan btcd nyala
283,baru untuk maret putus blackrock tunda capai ath mata uang utama alami tumbuh kuat shib bonk pepe doge pimpin reli periksa gambar
284,bitcoin outlook btc screenshot simpan dulu aja kembali beberapa minggubulan kalau salah udah nama analisa hapus kayak yang ngaku jago pas salah hapus akan saya analisa salah nah sekarang analisa
285,investasi apa ciamik aman obligasi swasta fr ori middle pp reksadana pt high risk blue chip bitcoin btcbig cap hrr bitcoin altssmallmedium cap perp contract smallmedium cap forexgold trading deposito tanah emas skip rugi brok
286,monthly close bitcoin bitcoin monthly close candle jadi hari saat bedasarkan price action cukup khawatir potensi chart pattern tweezer top bitcoin tahan harga maintance bullish
287,bitcoin jalan tol apa jaring layer bitcoin bayang bitcoin jalan raya makin banyak orang menggu annya makin macet jadi jaring layer bitcoin jalan tol baru bangun atas jalan raya bitcoin jalan tol mungkin lebih
288,quiz tebak harga bitcoin weekly close besok angka benar atau dekat menang reward gopay k
289,kapan alt season benar indikator altseason saya gu an cukup simpel btc reach new peak altseason bawah adalah comparison chart garis putih mc bitcoin garis ungu mc all crypto exclude top sini simpul altseason
290,bayang ke orang pro bitcoin kira kira berapa harga bitcoin saat
291,breaking atas
292,breaking calon presiden donald trump kata tidak biar negara ambil alih dominasi amp
293,breaking sentuh harga
294,bitcoin monthly chaupdate mei edition welcome mei bulan april gadanggadang bulan bullish high probability chance harga naik nyata banding balik kita lihat monthly close hari bitcoin monthly return bulan april di tutup minus
295,tahun cipta bitcoin capai miliar transaksi
296,mantan ceo twitter jack dorsey kucur usd juta opensats kembang bitcoin
297,game plan bitcoin market cryptocurrency hari belakang udah mulai start recovery ini jadi karna beberapa seperti sentimen dovish fed fomc sudah sentuh major support level ini bitcoin naik dari current bottom price
298,nah nyuruh media beri berita cihuy harga makin naik orang makin giur orang awam ken dong denger headline investasi cryptocurrency untung x lipat orang sama kayak pak jon di cerita lgsg beli pikir panjang
299,nah lanjut habis sahur kalau waktu besok kerja sih heheh saya bahas sedikit bagaimana cara reaksi buah berita ttg cryptocurrency stay tuned
300,nah situ simpul ripple coin cryptocurrency bagus investasi jangka panjang mungkin taun atau taun saat banyak crypto abal musnah ripple jadi salah satu tahan
301,nah main cryptocurrency handal halah padahal sering rugi saya coba cari orang sepassion mulai cari hubung cryptocurrency
302,nah pribadi mau nyoba sharing technical analysis cryptocurrency minggu sekali kalo capek lol buat tambah online presence sukur kasi sertifikasi gratis jadi financial advisorextra gaji besar banget loh hahaha add linkedin kalau mau lihat hehe
303,oya fundamental ini berita untung elektabilitas trump akan ikut dgn naik harga bitcoin crypto
304,bitcoin ramal penuh sendiri
305,mulai masuk perlahan bitcoin moga rugi bang
306,jadi miner kena jadi holder mine amp simpan tak mine amp jual terus so kena backup income mining bitcoin ni kena mindset bitcoin dapat tu retirement plan bukan instant gratification
307,luang minit ajar asas bitcoin
308,gimana sikap tepat lihat berita cryptocurrency nih kasih contoh dulu
309,pasu tu apa aja gaji bisnis main cryptocurrency punya rumah tu kayak gimana yang milyar minimal jauh dari kota banyak hewan piara tahun capai gimana cara arti punya uang milyar roughly
311,lihat berita ya korea kata mau ngeban cryptocurrency perhati tanggal tengahakhir januari
312,ada tips kalau putus main cryptocurrency lihat grafik ya baca baik udah pernah dipost sih tetep baca aja perhati tiap detail fase
313,search kena blockchain cryptocurrency ketemu sama orang agak pengaruh blockchain indonesia langsung add message kebut gasss biasa kasi tau dapet info dari mana kasi sedikit latar belakang gimana
314,backgroundcover photo kasih mudah aja kayak tuh biru motif putih dikit mau ganti sama bau cryptocurrency ahahaha contoh bagus lain gambar gedung langit yang bau bisnisprofesionalism utk engineer mgkn gbr site konstruksi
315,kerja bisnis iniitu organisasi main cryptocurrency temen keluarga pacar fitness lainujungnya cuma saya capek yang kerja kehandle
316,ayo bandung rapat tanggal juli jam jam kupas tuntas kena cryptocurrency moda investasi
317,siapa ngadain salah satu cryptocurrency international ada besar coin market cap bisa jadi sempat emas boost your career cv ada tapi
318,saangat basic jadi gausah malu ayoo datang bocor acara sesi kenal blockchain cryptocurrency sesi mindset dasar main cryptocurrency sesi networking event alias tanya till drop
319,apakah gerangan rencana bulan agustus september ada workshop hubung blockchain danatau cryptocurrencytapi segi pemrogramanteknologi nya bukan ahli lol sekarang sedang cari audience interested
320,alternatif steemit blogging bayar pakai cryptocurrency minat japri ajarin mungkin waktu bahas kalo udah sukses
321,thanks a lot datang event hari neng banget lihat antusiasme coming soon event buat developer a it programmer se nya sponsor sama salah satu cryptocurrency besar tentatif tahap nego kalo mau tag dulu aja teman yang a it
322,tau cyronium cryptocurrency yang kata buat a bangsa minta opini ttg atau apa impresi temen ttg cyronium mau bikin artikel thanks
323,baca dulu kalo mau main bitcoin gt cryptocurrency part
324,cari bikin film minat ikut lomba saya bisa sedia tahu kena blockchain cryptocurrency shall we make a team
326,menggu an blockchain cryptocurrency hanya tip of the iceberg aplikasi blockchain banyak banget karena adalah buah teknologi menggu an komputer butuh banyak nama talent bisa programmingcoding paling ngerti dunia it
327,nah beda cryptocurrency satu bukan rupiah dolar tapi nama cryptocurrency nya misal bitcoin ethereum ripple litecoin nah ini jadi media investasi
328,paling kenal cryptocurrency gampang cryptocurrency tu se punya jatah dalam blockchain sebut mudah kayak uang elektronik akun catat punya uang rb misal
329,mirip sama harga tanah fluktuatif harga jatah di blockchain ubah kalau tanah faktor area kondisi kalau cryptocurrency faktor banyak mungkin jadi thread sendiri jelas
330,ajar ini pasar paling volatile paling manipulatif dunia cryptocurrency goreng jadi kalo mau analogi pak jokowi mau milih cawapres a semua technical analysis harap orang udah investasi harap harga naik
331,wah panjang banget kayak kalo materi betul perangkat komputer sedang pakai support utk software berat sprti doa investasi di cryptocurrency hasil saya beli laptop baru coba ngetwit ttg
332,salah satu sakit generasi milenial sih instant gratification mau segala cepet ada orang estimasi kalo main cryptocurrency untung langsung semua tabung buat main crypto tidak denger resiko loss ada
333,fullkan investasi cryptocurrency juta per bulan cryptocurrency sangat volatile agak susah nentuin roi nya anggap aja tumbuh per bulan note kalau mau investasi cryptocurrency ajar dulu jangan investasi hal kamu paham
334,federal election commission gives green light for political mining pool donations
335,apa aja sih aplikasi blockchain cryptocurrency security healthcare financial service manufacture government charity real estate tourism transport media lain cntoh lain
336,baca nah baca yang abu mulai baca manga baca grafik harga cryptocurrency baca buku sisa main game
337,pribadi di cryptocurrency kalau mau ngikut kurang saran sihhigh risk volatile banget mungkin kalau mau aja silahkanterakhir lihat berita pasar turun banget banget nih
338,kalau investasi cryptocurrency benar gain nya cuma per bulan bahkan naik x lipat mohon sangat catat kalau paham ttg investasi cryptocurrency jangan dulu tidak saran ngasih gambar saya laku biasa gmana
339,tahun memang pasar cryptocurrency sedang bull market banyak orang mau cari uang mudah dong banyaaak banget orang bikin cryptocurrencynya sendiri lalu bikin biar investor mau investasi crypto buat ini istilah ico initial coin offering
340,sekarang bitcoin istilah banyak org salah kaprah cryptocurrency bitcoin salah bitcoin cryptocurrency market cap besar yang pertama kalo salah cryptocurrency bukan bitcoin banyak orang indonesia salah hal ini
341,sama kayak nyebut semua mie instan indomie wajar technically salah kalau dunia cryptocurrency salah crypto dan lain beda jauh banget
342,lagi kata di awal bitcoin sama dgn cryptocurrency sama nya indomie tdk sama dgn mie instan saat banyak orang bilang mie instan indomie sama banyak orang bilang cryptocurrency bitcoin benar cara teknis tidak tepat
343,benar saya burst bubble nya cryptocurrency lain lebih kurang cryptocurrency mudah bikin bisa bikin cryptocurrency sendiri pakai platform ethereum misal dash nxt bagai
344,awal surga ico pokok semua orang bikin coinnya sendiri fundraising asal kata blockchain coin cryptocurrency disruption segala nya ada kata the next bitcoin
345,disclaimer background amp tahu kena cryptocurrency batas di bidang ekonomi finansial sampai dapat yang tau take it with a grain of salt kalau tuju alangkah baik kasih data argumen
346,nah ibaratny bikin cryptocurrency buat ekosistem aplikasi dunia nyata mudah analogi sama mie nih semua bisa bikin mie instan bikin merk mie instan lolos bpom mui rasany trjaga perusahaanny bsa sustain mudah
347,lanjut somengenai ico bitcoin cryptocurrency
348,bos department belah minta diajarin main cryptocurrency saat kolega minta kasi tau cara buka rekening sahamemang aku jago investasi mana dari dulu paling baru bep at best
349,central bank digital currencies are a trojan horse for bitcoin
350,hubung sama bitcoin cryptocurrency apa pertama banyak masih salah aprah bitcoin sama persis cryptocurrency analogi mie instan tadi dua banyak cryptocurrency tuh dipairin sama bitcoin
351,argumen bitcoin cryptocurrency mati silah cari dalam lama adoption development implementation jauuuuuuuhhh lebih banyak tahun
352,sebab massive massive massive spike harga cryptocurrency bitcoin usd coba ethereum juta rupiah sangat massive nah lalu waktu ke realita beberapa faktor yang bkin harga turun jauuuhhh sampe orang bilang bubble
353,bitcoin mati bitcoin bubble ledak main cryptocurrency udah biasa denger ini data
354,lalu dapat kenapa tahun pasar cryptocurrency darah bukan bitcoin bubblenya pecah dunia ico bodong
355,akhir desember awal januari bikin thread blogpost jalan tahun jadi investortrader cryptocurrency regardless hasil untung apa rugi
356,jadi cryptocurrency mati mungkin anggap aja sedang sapu bersih filter shitcoin luar sana biar project solid tahan
357,udah jelasin kan mudah bikin cryptocurrency sendiri ico jadi media investasi ngumpulin dana tidak banyak ico bener ico cryptocurrency tidak bener sering sebut shitcoin
358,btc eth cryptocurrency market cap besar kalo salah valuasi btc aja sekian persen pasar cryptocurrency bayanginsementara cryptocurrency an waktu itu akibat apa smua ngikut prgerakan btc dong semua crypto hargany naik gila
359,point cryptocurrency memang sedang hype ico jamur banyak investor rasa ico adaleh media investasi oke banyak cryptocurrency masuk ico pair sama btc
360,maksud banyak exchange kalau mau beli cryptocurrency a pake bitcoin alur jadi pakai uang fiat idr usd misal buat beli bitcoin btc lalu tukar cryptocurrency tentu
361,eh kamu main bitcoin sama dong gua main bitcoin ethereum nih bitcoin ethereum beda tong dua sama cryptocurrency beda nama sama kayak us dollar rupiah sama mata uang beda kan
362,in the meantime bikin lanjut thread kemarin ttg cryptocurrency
363,alternatif lain masuk pasar finansial trading komoditas main cryptocurrency high risk high return nah mau bahas ya cryptocurrency dong hehe
364,so waktu putus nabung juta per bulan masukin beli saham amanaman aja blue chip aja lalu saya temu jatuh cinta sama media investasi cryptocurrency
365,barting istilah buat gera harga biasa cryptocurrency bentuk kayak kepala bart simpson harga naik ledak tibalalu cendering datar lalu tau turun jauhhhh merosot banyak trader tipu sama
366,silah rekanrekan medan mau ajar cryptocurrency bandung coming soon
367,cryptowzrd mau ajar cryptocurrency sini aja tidak cuma cuan cuan banyak nasihat hidup orang tidak kuliah mulai kerja investasi umur umur udah jadi milyarder
368,indian government reconsiders banning cryptocurrency report
369,public speaking experience nambah lagilagi presentasi blockchain cryptocurrency
370,harga bitcoin naik yuk simak lengkap toko news flash
371,udah lama bikin event finally maret gt cryptocurrency education featuring bandung tes ombak dulusiapa mau
372,sesuai janji kuliah dikit ttg blockchain cryptocurrency
373,if u still didnt investasi in shiba inu crypto coin then u r a fool
374,mau materi event kemarin why should we investasi in cryptocurrency
375,bag istilah cryptocurrency pegang biasa jumlah lumayan banyak contoh expresi i have a bag of xrp tanda orang sebut punya cukup banyak xrp
376,correction koreksi gera harga naik banget correction turun sebentar harga turun banget correction naik sebentar cryptocurrency umum correction koreksi besar
377,blockchain teknologi belakang cryptocurrency isi urut block upa catatandata enkripsi operasi dasar konsensus anggota hampir mungkin bajak aplikasi hanya cryptocurrency juga asuransi supply chain
378,kenal cryptocurrency
379,siap tunggu lanjut thread video main cryptocurrency
380,altcoin cryptocurrency bitcoin juga bilang bitcoin ethereum contoh litecoin ltc ripple xrp cardano stellar lumens xlm
381,coin istilah mudah nyebut cryptocurrency
382,cold storage cold wallet simpan cryptocurrency langsung hubung internet contoh usb tulis kode nya
383,cryptojacking menggu an kode malware apa istilah curi daya komputer orang buat mining cryptocurrency biasa banyak jadi situs download baja
384,orange man bad cryptocurrency good
385,course rencana kan mau launch september oktober pas mau ngerjain nambah materi teroverwhelmed damn banyak banget harus dicover soal saya punya visi orang mau investasi cryptocurrency harus tau ilmu biar mudah tipu
386,mumpung viral ayo cari hasil tambah trading bitcoin cryptocurrency follow
387,selamat datang dunia cryptocurrency nginvest turun juta semalem certainly not for the weak of heart
388,nah biasa orangorang kelas tengah suntuk sama kerja tautau ngabisin uang tabung buat main cryptocurrency tau ilmu no biasa modal diajarin temen cara baca grafik tidak berapa tambah iman kuat uang nambah banyak
389,timbul efek wah cepet kaya nih bitcoin out of euphoria orang langsung terjun pasar cryptocurrencytanpa tau benar seluk beluk a fatal mistake
390,masuk pasar finansial apa mau komoditas fores cryptocurrency tahu ibarat pom bensin bawabawa obor kamu bakal bakar kalaupun untung bakar kamu laku yang bodoh
391,test ombak kalau lakuin market analysis buat cryptocurrency tarik isi analisis teknikal sih
392,habis diskusi sama cco nya tokocrypto inti mau nyoba inisiasi gera edukasi cryptocurrency blockchain buat milenial tes ombak dulu kalau seminar bayar banyak kok commitment fee aja mau gak
393,ke bahas cryptocurrency aja dah btcidr w indikatorindikator tunjuk tanda bullish cukup giur tinggal tembus ema kalau bisa next resistance usd an juta kalau tembus naik teruuusss
394,uang investasi harap bahas bitcoin cryptocurrency
395,laugh in cryptocurrency
398,yakin mau subscribe freshgrad starter pack linkedin cv beasiswa podcasts random thoughtke depan tambah faedah deh kitab kripto series market analysis kenal cryptocurrency cv review series buat ajar bikin cv
401,yuk ajar cara analisa fundamental investasi cryptocurrency crypto class sabtu guys
402,sini mau ajar investasi trading cryptocurrency follow
403,jam depan buka qna session syarat mudah kok cuma consent aja tanya jawab post sini atau youtube ask me anything related to scholarship job hunting study abroad investment cryptocurrency fitness
406,lanjut nih spoiler ujungujungnya cryptocurrency
407,hey guys mau ajar analisis fundamental cryptocurrency gak
408,mantap bikin uci apa universitas cryptocurrency indonesia
409,ada online coursenya online learning kelas dasar cryptocurrency daftar ps khusus members telegram materi ada jadi perlu daftar
410,course ada gimana cara prediksi value bitcoin cryptocurrency lain bahkan bikin model hitung this will be awesome
412,nulis mau nampung faq nih kait cryptocurrency sini tanya saya kait cryptocurrency saya balsa via dmmention tanya saya tampung course
413,sedikit gambar bisnis mau buat platform isi bakal buku video podcast inti bikin step by step buat orang masuk dunia cryptocurrency guess what minggu pertama bikin platform super gampang sekarang damn rasa berat banget
414,wah mohon maaf nih alhamdulillah tidak masuk korban bubble malah untung lumayan cryptocurrency sampe kaya sih udah sangat bantu hidup
415,rasa sesal biasa kalau ceritain apa gitumisal cerita pas dulu nepal lihat aurora nyombongin cuan main cryptocurrency ada sedikit ken ke masa lajang
416,not even joking i investasi and trade cryptocurrency not without realizing the risk kenapa selalu tolak orang minta nebeng investasi uang mending kalau takut sama resiko alas tidak ngerti cara daftar platform
418,daily profit for hodling btc since data taken since am utc updated every hour
419,se kuliah cryptocurrency
420,yuk ajar trading cryptocurrency bandung sabtu ilmu dipake buat forex lhobener technical analysis alias baca grafik
421,as covid fears ravages all financial markets the amount of holders grow in the midst of this heres what went down this week in crypto
422,event cryptocurrency nih desember mau tiket gratis loh
424,malem minggu mau ajar cryptocurrency gak
425,syarat jadi afiliasi sbb trading cryptocurrency buat ngasih sinyal punya medsoskomunitas trafficnya banyak misal youtube telegram punya plan bagaimana dapat trading volume tadi nomor
426,guys format kurang lebih begini kenal cryptocurrency awal banget beda investasi vs trading teori cara trading latih trading
427,gak equal sempat sekarang jauh lebih baik modal hp uang sekian juta boom jadi mapan jual baju online modal quota ajar jam tiap hari boom jadi hasil tambah trading cryptocurrency modal fb ig main dropship
428,ajar cryptocurrency mama mostly baca buku twitter udah kaya emang crypto tapi kalau tanya hasil tambah lumayan background keuanganit saya master material science kok sih jadi gitu nothing much just keep doing
430,oke bandung sini suka main forex bitcoin ajar analisis teknikal cryptocurrency yuk tanggal hari sabtu jam siang kuy
431,meme cryptocurrency ada konten edukasi
432,great project with a great future good concept and experienced team guaranteed success i am sure this project will be at the top of the market
433,mau mulai ajar mana beberapa saran video documentary buku bitcoin for dummies buku cryptocurrency trader handbook
435,tahun lebih banyak main institusional masuk industri crypto lengkap klik
436,fud fear uncertainty and doubt rupa segala jenis takut ketidakyakinan ragu sesuatu fud buat harga turun dasar berita buruk bohong konyol media sosial misal rumor itu benar hanya gelembung
437,bicara soal hanya soal lho teknologi juga digu an game sebut game imut nan gemas cryptokitties game hardcore augmentors semua implementasi blockchain simak info lengkap gambar
439,halo sahabat digitalexchangeid sambut hari proklamasi merdeka indonesia digitalexchangeid ada lomba meme cryptocurrency masih hubung digitalexchangeid informasi lengkap klik
440,terbit platform blockchain lacak faktur digital
441,hodler mana suaranyaaaaaaa cek market caps cryptocurrency klik taut ikut
445,siklus pasar tuh kayak gin dasar data hasil mantengin chartgrafik siklus langsung tahun utk cryptocurrency golden rulenya jangan beli pas belief lebih tinggi jangan jual pas depression anxiety
446,sangat excited senang dapet sempat foto bareng bu sri mulyani the baik part beliau mention blockchain cryptocurrency pidato senin kemarin makin on fire to embrace the future
447,bilang investasi asik cryptocurrency jadi solusi apa saya diskusi kemarin masalah income sandwich generation note jadi bukan moda investasi muda banget masih baru kira baru orang d dunia menggu annya
448,lebih miliar crypto curi sejak tahun lapor baru kelompok kerja antiphishing apwg tunjuk triliun usd cryptocurrency curi lengkap klik link bawah
449,g usah trading ndek cryptocurrency investasi ae jangka panjang tahun ojok kakean khayal pgn duik akeh yo kerjo jes
450,cryptocurrency uang masa depan
451,coincodex prediksi bitcoin capai angka tinggi ini di k kurun waktu bulan halving kalau kalian mungkin ini jadi coba comment bawah kasih dapat kalian
452,buka dyoramadan kuncicoin undang speakerspeaker keren sedia bagi ilmu buat semua crypto buah investasi bagus masa depan yuk dengar langsung dapat experts
453,suka banget diskusi soal teknikal sama temen deket sma meski beda genre trader forex trader crypto ilmu teknikal nya mah sama aja kadang minta dapat ini kira kira gimana pun nanya wkwk saling tukar pikir seru sambil
454,hi hara squad gimana nih dapat kalian kalo crypto lokal jenis baru yay nay
455,ukt mahal makin afirmasi dapat bocil crypto sekte ulti nol kuliah anggur tahun gaya mclaren kamu warna apa bos
456,lakers resmi pajang banner juara inseason musim di langitlangit crypto arena gimana dapat kalian guys
457,dapat soal bakal turun bulan april buat tutup gap kalau belum beli untr dia koreksi sampe turun ke tengah gap nah baru saya beli
458,lagi ingin lurus mispersepsi mohon maaf agak kurang tuju dapat bitcoin isolasi crypto nya perlu tahu supply bitcoin di pegang etf jumlah nya sangat kecil ketimbang jumlah bitcoin supply
459,investasi bagus crypto coba dong mau denger dapat kalian muehehe
460,dapat tetap sama sideways akhir tahun nama analisa tidak pasti benar anda analisa salah nyata bitcoin malah terbang ath itu bagus sekali crypto yang nyangkut bakal jemput
461,dapat soal tutup belanda amp investigasi perancis saya wajar tuh negara sekutu si tuh nanti binance bakal fokus negara nonblok negara bukan sekutu si
462,millenial friends kabar kejut binance nih kemarin malam tanggal juni jadi turun tajam koin crypto usai gugat sec binance gimana dapat kalian
463,dapat pak soal bakal naik turun akhir tahun disclaimer on
464,saya ada peluang dapat saya lihat pola teknikal bawah adalah candle weekly bitcoin anda tarik support garis biru tahun ke akan dapat support garis biru area
465,q cerahcerahnya nih gaesmulai bitocin naik sekian trading volume nft mulai naik sampai b terus waktu bullish kemarin kalian ngga tinggal kan share dapat kalian bawah dong
466,mumpung ketemu acara campus jadi sekali tanya gimana dapat soal bakal naik turun akhir tahun
467,akan capai tahun kami dengar dapat kamu bagi bawah
468,apa hukum crypto beberapa ulama beda dapat hal halal ada yang haram kalau sendiri ambil pusing lebih mubah ya simpel halal haram bagaimana cara laku contoh uang halal dapat
469,btc hanya bull trap turun apa akan kamu laku ramein kolom komentar saling beri dapat kita milik banyak referensi
470,janganjangan retas ada rugi paut ancam perintah blokir telegram buat hackers laku dapat kamu gimana
471,ajar crypto dulu sama kaprodi buah kampus semarang beliau salafy katok cingkrang lan jenggot dowo dapat soal crypto tak jauh beda jual beli lain inget beliau paham fikih muamalah juga paham teknologi blockchain jadi kurang bias dapat
472,dapat soal tetap sama
473,apa dapat kalian girls wdyt
474,posisi sekarang cash crypto rencana mau cash crypto hasil naik dapat sama bitcoin masih bisa tapi proses tentu uji banyak support
475,dapat tetap sama kalau ulang katakata di situasi sekarang mungkin ada ngetawain
476,sempat gadang gadang usaha sukses dunia crypto ftx kini alami bangkrut simak jelas konten satu bagaimana dapat cashtrians tulis kolom reply bawah
477,apa dapat mas fatah kait luna turun hari mas
478,mana buat simpan gaji cukupcukup palatao buat investment masuk unit trust main masuk crypto nasihat karut jahanam orang tu ray dalio pesan fikir betulbetul siapa minta dapat
479,work mau nanya dapat kalian dong kalo cowo umur tahun blm lulus kuliah udah ngasilin uang sendiri crypto kirakira pas lulus susah ya dapet kerja soal udah umur gin
480,kalau beli aset kripto diwithdraw apa beda beli aset emas toko emas emas tidak bisa bawa pulang gimana dapat pak
481,tiap orang punya pov nya sendiri jadi sama beda antar tiap orang pada statement bang xrp sendiri punya token sekarang aku bangga beda dapat soal
482,dengar suara hati bukan dapat orang karena tanggung jawab atas bahagia diri sendiri bukan
483,aku cuma mau minta dapat wkwk mana tau aku otak error aku salah kan kalo post proof pas diannounce winner
484,mungkin lunc capai harga dolar beritahu dapat di komentar tonton vidio lengkap nya
485,hello sahabat cr selamat sore sumber berita kata kripto punah benar tulis dapat kalian kolom komen
486,sudah baca dokumen climate and energy implications of crypto asset in unites states rilis white house office of science amp tech kemarin dokumen penting baca investor crypto dokumen dapat
487,retwet tuju dengar suara hati bukan dapat orang karena tanggung jawab atas bahagia diri bukan
488,sushi tf h dapat admin ini dapat dorong buyer level ada indikasi naik level lanjut breakout akan lanjut ke level
489,jp morgan kok udah bagus the fed naikkin bps dimon cek jp morgan pakai acara ngomong dpr crypto is ponzi ah tahu aku rencana ikut nomura pindah kerja crypto dapat bitcoin sini sini k saya mau fokus china bilang perang
490,tanya orang kena kurang lalu jadi dapat orang bagai koreksi jadi lebih baik
491,btc dapat singkat naik btc hari bitcoin sentuh harga atas utk buat naik crypto lbh aman amp stabil lama harga tsb sentuh kalah bitcoin peluang utk turun harga minimal lebih rendah lgi
492,berita baru regulasi aset crypto datang amerika serikat regulator pasar aset crypto amerika serikat sec cftc kolaborasi ancang regulasi produk aset crypto bagaimana dapat member indodax ada kolaborasi regulasi
493,guna mata uang kripto terus kembang rambah bagai sektor industri salah satu industri sepak bola ini beberapa fakta tarik putar bitcoin dunia sepak bola gimana dapat tokonauts komen bawah
494,kalau dapat ethereum mungkin begini pola loh begini ingat tahun tahun ethereum itu eth selesai buat puluh juta fans ethereum sangat nanti momen
495,kemarin bitcoin banting kesitu suasana social media sangat negatif banyak tibatiba rubah prediksi jadi bitcoin dapat orang twitter sudah tampak putus asa bitcoin telah bitcoin langsung loncat
496,dengar dapat orang kamu harus turut pilih ambil turut benar
499,mau tanya kalo tau mau share kalo misal bingung mau tanya dapat misal ragu kamu layak grow up jadi host indo internasional aku bangga
500,bagaimana dapat ceo nya lihat crypto pertama indonesia alami nasib sangat nahas bentuk suport rendah belum hasil terus jebol apa terobos inovasi cripto sesuai ekspektasi pasar jan di cap
501,sol aku bias bearish jadi analisis tidak cocok dgn analisis temanteman abai dapat ttg solana sedang banding eth saya post mei masih harga link reply sila share dapat
502,alexander hptner ceo bursa bitcoin bitmex jelas posting blog oktober tolak uu bitcoin negara amerika tengah cermin dapat yang dapat manfaat status quo bitcoin
503,kau milik dapat milik tekad kuat jangan mengulangngulang dapat rusak
504,buah dapat di musyawarah pakai dapat paling tepat nasihat paling kuat
505,dapat salah sangat mungkin gelincir akal satu orang sangat mungkin sesat
506,dapat lebih baik satu dapat tiga dapat mungkin salah
507,gua kadang ngerti kalo orang paksa bayar buat kolaborasi jaman youtube udah jadi sekarang lihat annya caloncalon jadi di crypto art nft i am so tired of dealing with these fuckers tbh akhir dapat soal kolaborasi sama
508,pasang suamiistri milik tugas masingmasing sama penting dalam rumah tangga jadi beda dapat gesek asa
509,antara hak orang akal masuk dapat orangorang akal dalam dapat
510,zzeru emang ngamatin harga crypto n dapat banyak westerners media soal bagaimana bitcoin pimpin revolusi yadda yadda dosen aku pernah ngomongin apa karna akademisi selalu skeptis
511,pak prof mahfud md mungkin pak salah nutul salah ketik ada hp tombol spasi keyboardnya deket tut titik lampir maaf hanya dapat aja
514,hormat ibadah umat agama larang ibadah salah satu cara cipta damai masyarakat bagaimana mu tuju tidak dapat sebut ikan komentar dan twet hastaq
519,dapat sesat lama sama dua tidak akan ada tekad lenyap lama sama dua
520,indonesia harus bebas pilih peluk agama kita yakin bebas sampai dapat bebas organ bagai turut bagaimana kondisi indonesia sekarang ikan komentar twet hastaq
522,indonesia harus bebas pilih peluk agama kita yakin bebas sampai dapat bebas organ sebagainyamenurutmu bagaimana kondisi indonesia sekarang ikan komentar twet hastaq
524,dapat perihal tinggal sakit
525,dapat kamu sendiri mungkin sih mata uang digital ganti mata uang konvesional
526,kabar gembira ceo nasdaq adena friedman menyakini mata uang crypto masa depan uang dunia buat mekanisme bayar lebih efisien amp tepat masa depan mata uang dunia kalian tuju dengan dapat ceo nasdaq
527,teliti bitmex dapat banyak hash rate dua sisi perang hash bitcoin cash telah sewa sejak fork
528,dapat kamu pacar beda yakin gimana yang sih akhir cuma pilih lo h
529,kalo punya temen deket suka minta dapat stlh kita kasih dapat ngga duli dapat tsb e nya diapain ya iyain aja
530,bagaimana dapat kalian meni usia tua emang masalah apa siiiihhh biarin aja sihhh mau nikah muda kek mau nikah tua kek penting rugi pihak mana yakan heran deh selalu urusin urus harus jadi u
531,apa dapat kalian
532,nemu tadi bagaimana dapat mu bg sableng
533,jangan biar dapat orang batas sukses
537,dapat salah sangat mungkin gelincir akal satu orang sangat mungkin sesat
538,dapat lebih baik satu dapat tiga dapat mungkin salah
539,antara hak orang akal masuk dapat orangorang akal dalam dapat
540,dapat sesat lama sama dua tidak akan ada tekad lenyap lama sama dua
541,hujan malam minggu gimana dapat kalian
542,kau milik dapat milik tekad kuat jangan mengulangngulang dapat rusak
543,buah dapat di musyawarah pakai dapat paling tepat nasihat paling kuat
544,sablengers sore aja nih besok selasa rasa senin gimana dapat kalian
545,bahkan selisih kami selalu punya dapat ketika selisih masalah harus diseleseikan itu
546,apa dapat lo sama orang dadak pinter pas nonton debat paslon gubernur
547,cewek sering nanya dapat cowok soal tampil sebenernya cowok betah jawab tanya kayak gitu
548,orang minta dapat kasih masuk ngga mau terima ngga mau kalah argumen gimana nih e nya
549,dapat seterah mau terima ngga twit ngga bayar cuma keluh kesah sama ada negeri carut marut
550,persen orang derita allodoxaphobia takut dapat orang
551,sekali hate delisa cari ke ujung dunia
552,breaking ceo blackrock larry fink kata emas digital amp fink kata emas digital
553,pov jadi holder manta sama punya beberapa ide
554,semua orang gaung meme coin super mega cycle tidak yang bicara meme coin super mega bear market
555,btc yahh kurang dikit bapak btc
556,breaking mtgox resmi umum mereka lunas kreditor
557,capek kuliah lebih e fokus crypto kuliah cuma dapet gelar main crypto dapet duit
558,lokal india
559,hukum paling berat koruptor bukan kurung penjara miskin kurung tetap bayar penuh gaya hidup ketika gaya hidup tinggi kemudian paksa hidup miskin sangat pedih
560,breaking cnbc bahas mungkin perintah as pegang mata uang cadang
561,breaking etf spot as tarik arus masuk lebih miliar lama minggu akhir
562,maaap crypto aku alih emas aja pusing klo crypto
563,bang edit
564,sabtu yah nongkrong warkop biasa
565,ajar analisa teknikal bisa paham gera harga bro jadi trading crypto lebih mudah pas lihat chart
566,breaking aset kerja baik sejak
567,beberapa akun ig crypto exchange luar bisa akses ip indonesia akun ig based in indonesia ada legal request kominfo kalo buka akun ig judol sih aman
568,breaking joe biden dukung kamala harris calon demokratis pilih presiden moga trump pilih
569,blz dalam pantau tren bearish
570,gm singapore
571,joe biden desak dukung regulasi kripto milu as
572,commonwealth bank australia batas nasabah beli crypto aud per bulan undangundang resmi untuk jaga likuiditas bank apa dapat kalian tonton video lengkap full video
573,snd genesis battle pass nft selesai task nya claim hold wallet follow amp like twitter post batas super allowlist snd battle pass nft guna link okx
574,cakep cuma ribu aja
575,ritel gocek
576,naik atas
577,breaking naik atas
578,donald trump bakal jadi bicara konferensi bitcoin besar dunia
579,ganok arep seng kerjo nang web ki kaya kaya sekarang yah orang dasar orang indo males wkwk
580,yang rebound
581,viral detail loss nya apa sama sama tau tunggu next information makanya mental lembek jangan main crypto brother mending sekolah kuliah ngaduk semen
582,warga twitter hobi memang antem segala didebatin sampaisampai antem adu urat jempol vibesnya kaya facebook tahun an janganjangan antem sebenernya orang sama orang suka antem facebook zaman an
584,moga sekarang sadar analisa teknikal scam analisa fundamental scam ada ilmu selalu relevan market market benci tidak pernah pihak konsensus sosial market butuh tumbalkorban baru bullish sumber disensus
585,outlook btc btc sekarang now what long sekarang ken cutloss nyangkut cutloss sekarang btc k dulu isi fvg gap cme beli altcoins lagi jika harga konsolidasi di k otherwise bakal lanjut ke k or
586,tipe ct indonesia alpha ide original awal berani prediksi arah rian alpha man beta main aman amp konten translete knowledge only takut dibully kalau salah prediksi ikut ikut latah beta soy boy tag ct alpha amp beta versi
587,bajing tolong jauh tidak mau rumah sakit ke dukun indonesia
588,gw share coin potensi x sekarang
589,itu yang perlu lo hindar bang jangan main future leverage besar margin besar jangan sembarang klik link approve contract jangan beli meme dex kalau lo paham sistem
590,bayangin seluruh rakyat indonesia bareng beli koin meme solana pas marketcap bawah k nila rb pas udah marketcap billion semua profit x uang rb jadi rp seluruh rakyat kaya raya keren sih
591,sejarah besar mulai
592,duduk nya tenang pikir perang
593,akun crypto a jadi siap nabung rutin harus diversifikasi crypto a lanang moga kalo sdh dewasa rafaeyza smart money bidang apa amiin
594,waktu a nyala puh sepuh
595,sungguh untung mata sang cipta ada baik sia sia
596,orang jangan kamu tanya tanya siapa teman orang contoh teman
597,emmmm sedap
598,sederhana tuhan saat aku puncak bantu aku sampai puncak baru
599,pernah dengar relasi kalah pintar makanya orang sukses terlalu pintar hasil
600,wongwong sukses iku duwe konco nanging dee duwe jaring seng kuat mergo luwih penting timbang
601,bitcoin halving jadi dompet sudah isi banyak crypto apa mau nonton samping mau ikut partisipasi kali
602,orang sadar hal ubah suatu nasehat ubah suatu jadi catat amp tanda mulai maret akhir apa akan hendak maha kuasamanusia bisa prediksi analisa eksekusidiluar sudah bukan kendali manusia moga berkah
603,mata terus amat otak ku terus menganalisa lihat tahun depan moga tuhan hendak nyala
604,orang beri banyak nasehat arti telah laku banyak gagal percaya orang terus beri nasehat sejati tuntut tuju hasil
605,happy semua hari adalah sejarah bitcoin pizza day hari saksi ajaib bitcoin tukar dua keping pizza mei situ bitcoin ubah sekadar wang digital jadi fenomena global ada akan
606,thn lalu transaksi pertama bitcoin beli box pizza lihat harga bitcoin percoin sekarang jalan satu cara cari kaya cari altcoin tiap bullrun th sekali amp tepat tahun iniyang kaya tambah kaya
607,semua da instan insyaallah cetak banyak a muda jutawan amp milyader baru tahun sudah terjun bidang amp mau ajar tahuntahun kemarin masuk tahun tengah siap jadi exit liquidity
608,diri binance cz dapat bulan penjara meski hadap masalah hukum serius kabar baik binance industri crypto adopsi crypto makin mantap bagaimana dapat kalian full video
609,mc mb realistic nyala lah
610,bukan tipu benar terimakasih buat development sehat selalu buat kalian ingin lihat transaksi lihat arbitrumscan
611,yang dunia
612,siap
613,awas gk lengkap
614,dulu nya hujat crypto scam fomo bahkan hampir di bolehin crypto masuk indonesia skrg ngambil pajak crypto negri sehat
615,jawab nya crypto
616,investasi dibedain ama crypto mksdmu crypto bukan imvestasi
617,asiap
618,ga salah sih muda melek investasi biar kayak ane dulu beli btc kena tipu dark web nah bro bro butuh minimal tahun buat paham bahasa bahasa market crypto barusan lihat fyp post an tiktok bro bro ulti nol
619,keren kan tau traceable n transparent soal kalo cuci uang tidak pake crypto gmn
620,mampir
621,ganti bos
622,langsung
623,mampir abang
624,ganti mampir
625,gas bang
626,balik
627,mampir
628,awas komplit
629,udah tak komen takfollow mampir
630,bismillah done n wml
631,fuckkkkk salah tranfer crypto akh
632,mampos dah hold ghzli
633,crypto buat orang banyak duit
634,wkakakakakakkaa
635,semua juang korban hampir serah tipu orang hampir down jatuh bangun saat yang juang crypto pantang serah terbang sama supermegacycle nyala bahagia orang tua amp keluargasisih kan a yatim fakir miskin
636,part posisi per apr moga kawal baik
637,part bgb lg distack next banyak bgb hbar dulu
638,do your own research crypto boleh ikut saran orang karena market unpredictable
639,bisa conect wallet
640,klub paling tolol dunia
641,rb usd dpt apy brp bos kl earn triv
642,iyaa butuh internet udah explore semua teknologi crypto blockchain udah baca jurnal secure and internetless connectivity to a blockchain network for limited connectivity bank users hayo jangan ngawur ahh shitcoin jangan banding emang buat fun aja
643,edukasi bangun cryptoneuz
644,kan dah cuan pas copid yaa
645,biar kalo rugi salah siapa sekali investasi crypto seperti mau naik roller coaster bikin jantung saran cukup gu an rb rb sisa rb biaya transaksi okay mulai punya akun cex
646,thread semat akun nya betul sangat bantu paham crypto dasar sekali para mula bingung mulai mana
647,bingung guys wkwk masuk sering nonton konten windah kapan windah bahas crypto maaf jangan marah guys saya beneran tau
648,akademi crypto gbk rame bener arah tuju hotel mahal semua
649,wkwkwk poko akun crypto gitu dahhh ada nge quote twit aku coba tanyain sebenernya apa
650,yang percaya crypto emang
651,hi bro n sis airdrop pepe via tele silah sedot
652,kena hack upa modus tipu crypto untuk dua kali akhir kali tahun akhir yang channel resmi baikbaik aja ya balikin channel dua mula
653,min channel youtube jkt tv kena hack upa modus tipu crypto nanti kalo para langgan membership tidak nonton live premium hari gimana
654,free airdrop cukup register dapat token for free smartcontrak rilis hari
655,dapat upt token guna kuota internet hari register dapat token pertama cukup isi email sajja link register
656,kisah cryptocurrency dfa coin rusia part
657,kisah cryptocurrency dfa coin rusia part end
658,kisah crypto bas syariah islamic coin arab part end
659,indonesia catat lonjak investor crypto transaksi tembus rp triliun iisal
660,kapan rilis kalo tai apk pintu token crypto islamic coin
661,da nang is the next canggu
662,arti logo rampok balik harta jajah lalu market global dunia bagi hasil fakir miskin a yatim piatu cita cita raja crypto indonesia salut kalian
663,ramadan mubarak brother
664,kasus curi amp tipu crypto aset milyar rupiah
665,akun personal bukan buat crypto cuma kdang tweet inti sad dulu skrng
666,uak ramal horoskop crypto minggu simpang astrologi blockchain iisal
667,azure wallet gandeng visa revolusi bayar crypto tembus batas tradisional iisal
668,tukar probit global gandeng mineable inovasi tambang crypto ramah lingkung iisal
669,temen mau nambah skill biar trading crypto mumpung skrg lg bull market lgsng dm akyuu
670,apag na ba ang lahat kahapon
671,hari sejarah crypto sinar
672,minta alamat email daftar kak dari team akademi crypto
673,halo kirim alamat email daftar akademi crypto dari team akademi crypto proses tesebut mohon maaf atas ketidaknyamanannya
674,terimakasih
675,gila crypto lgi bagus bener
676,tg only username tg sitiaisah name tg siti aisah
677,tg only username tg sitiaisah name tg siti aisah
678,done all step username tg sitiaisah name tg siti aisah
679,done all step usermane tg sitiaisah name tg siti aisah
680,hari galau investasi stocks lokal us crypto
681,ice daftar iceusdt dagang buka utc februari gabung menggu an kode referensi caksur
682,nonton crypto arena kayak sulit tidak mustahil moga suatu nanti
683,dulu diajakin crypto gamau kekeh parlay slot gilir sekarang btc to the moon ngikut borong btc fomo ah
684,xaccfffdafceabdfcdaec
685,bcqyaeuhsnffqkcdnjahpyaprsjgggdspml btc address
686,bismillah moga untung
687,tidak beli crypto mana karna tidak paham dngan biar tetap jadi tonton tuan
688,thn banyak jutawan amp milyader muda muncul moga kalian salah satu aku bilang tahun yng terjun dunia crypto tahu bulan amp tahun jadi nya naik bbrapa trjadi naik crypto supermegacycle ilmu padi
689,rating terus terus turun yes yes yes moga musnah ice dunia cryptobikin neg lihat nya
690,twitter lihat tuh akun investor kyk dr sp bucin ken putar for the sake of market bukti abis milu market ijo baik di maupun crypto
691,selamat ulang tahun indodax ke moga indodax makin sukses makin maju moga jadi exchange no makin jaya masuk exchange top global jadi platform baik exchange cryptocurency global jadi tempat transaksi crypto mudah inovasi a muda
692,verifikasi akun di nama panggil kkarti ajar lebih lanjut masa depan desentralisasi bangun
693,knp panggil tarik bahas crypto
694,verifikasi akun di nama panggil rojab ajar lebih lanjut masa depan desentralisasi bangun
695,verifikasi akun di nama panggil ebiel ajar lebih lanjut masa depan desentralisasi bangun
697,salut suhu crypto humble ngasih ilmu info bahkan manajemen resiko dicrypto rubah mindset trading investasi pr nya sekarang
698,bocor regulasi pajak crypto
699,punya segitu aku masukin defi bang bangun porto crypto lalu defi defi buat aku pondasi bangun portofolio defi aku bangun value modal bawah loh cara gimana wah kelar hari slsai jelasin wkakak
700,bukan orang rubah ada tapi diri sendiri harus sadar kalau sekarang bukan waktu yang tepat terus mau sampe kapan kyak gin
701,santai jogetin aja
702,banyak nyerang mu dokter palsu minat masyarakat tdk sedikit kurang surve malah naik
703,modal juta jual sekarang beli iphone pro max jual beli mobil iphone pc gaming tinggal pilih mau mana
704,ajar crypto currency sama praktisi jerman lancar bahasa indonesia nya yang cuman jago bahasa jerman lumayan tambah wawas bitcoin ekosistem nya let me understand first before playing bro
705,verifikasi akun di nama panggil ansory ajar lebih lanjut masa depan desentralisasi bangun
706,verifikasi akun di nama panggil kancil ajar lebih lanjut masa depan desentralisasi bangun
707,kalian milik kendala sama apa bicara tim inti ice tulis di bawah
708,jatisrono
709,gu an taut gabung mulai tambang game dot amp play untuk menang ace gu an kode undang sayasantosowibowountuk dapat tarif dasar jam statistik langsung transparan
710,halo partisipasi proyek crypto besar ikut gabung alterprotocol menggu an kode ruhmxn anda juga klik taut untuk daftar
711,gm kermit
712,keblinger kuasa muslimat nu giring
713,verifikasi akun di nama panggil ichihara ajar lebih lanjut masa depan desentralisasi bangun
714,paklangcom
715,spot trading sekarang buka iceusdt trading sekarang gabung tim di menggu an kode referral sultancryptobarokah
716,verifikasi akun di nama panggil rivala ajar lebih lanjut masa depan desentralisasi bangun
717,verifikasi akun di nama panggil manin ajar lebih lanjut masa depan desentralisasi bangun
718,spot trading sekarang buka iceusdt trading sekarang gabung tim di menggu an kode referral farikhul
719,verifikasi akun di nama panggil yulius ajar lebih lanjut masa depan desentralisasi bangun
720,verifikasi akun di nama panggil kangmas ajar lebih lanjut masa depan desentralisasi bangun
721,ad spam mulu tidak sih diilangin males banget udah asa iklan crypto
722,verifikasi akun di nama panggil darwis ajar lebih lanjut masa depan desentralisasi bangun
723,ada ubah signifikan up bulan sekali
724,porto spot kalo ngoceh kaya profesor crypto udah mulai pedot wkwkw copy trade takut kalo kamu jago juara tanding bukan ngoceh mulu kwkw
725,tiongkok larang dagang crypto yuan sepenuh ilegal cuman mau ingetin ajah hati buy pucuk banyak fud
726,gua janji sama diri sndiri brthun vakum brhnti rokok ntar aku ngrokok lgi pas nympe juta prtma dri crypto next juta smpe strusnya baru aku ngrokok korelasi yah biar tiap hisapan bayang porto makin naik bukan bayang hutangcicilan sana sini
727,lia safitri
728,kalo kamu jago crypto tidak pake utang bank bunga per tahun tahan tahun arti bunga sedanhkan profit btc x arti k arti cuan ada sisa coba tanyain vip kamu tidak berani kwkwkwkw jurus ngeles
729,bcqgwgksgceklekxezyhaqjgxmvqmj
730,alhamdulillah nikmate gusti
731,lu dah dapet apa ajah crypto
732,kemarin crypto sekarang judi online gua
733,paksa withdraw buat bayar roadtax laju je masuk so next year kene plan saving bayar roadtax investasi dekat crypto
734,beli bitcoin tahun btc aja cukup
737,tahun bitcoin scam regulasi ketat tahun semua bitcoin belum sirkulasi harus tambang america dukung selfcustody amp tolak cbdc butuh trump balik trump butuh dapat dukung milu usa
738,pi network koin kripto independen node saing bitcoin ethereum
739,elon cyberpunk musk
740,tuju nashville pasti unjung di booth bicara bitcoin beli merchandise lorenzo baru
742,bagus bitcoin jadi makin sehat tingkat kepwrcayaan masyarakat jadi lebih baik bitcoin utama baby boomer tua tui jadi tenang investasi btc
743,terbit lpt yat lorenzo bangun fondasi ekosistem defi bangun dasar standar token hal mungkin cipta produk defi lebih kompleks menggu an stbtc yat lanjut eksplorasi mungkin dana bitcoin
744,november sy mas inget betul banyak nungguin bitcoin k
745,penting knowledge nyata makin banyak bicara lokal putar bitcoin aura makin serius sih bicara pak ton yt channelnya bahas instrumen uang tabung
747,ga perlu repotrepot nyari altcoin buat gain x x x cukup dca bitcoin history repeat itself tahun tahun tahun semua sama
748,rugi rana curi elektrik bitcoin rm bilion lagi curi lain raja laksa an agenda alih tenaga rana cari sumber tenaga baharu elektrik sedia yang tiris kita kena kekang
749,terima bitcoin mtgox milih ngehold bitcoinnya mereka yakin bitcoin bullish wen moon ser
750,bu sabah kripto
751,peluang menang trump makin besar harga bitcoin terbang
752,adopsi teknologi bayar baru dan selalu warna skeptisisme
753,info eksklusif buat member vip tiga koin kuat satu koin umum lain rahasia vip bitcoin turun k k lalu k koinkoin tetap kuat pola higher low full video
754,achei um hub bitcoin hahhaha
755,kalau bitcoin nyampai maret aku live stream minum cangkir kosong ada reward rp juta salah satu subscribers subscribe youtube ig tiktok menang full video
756,selamat datang member vip baru waktu sempurna buat beli koin cek daftar koin usah pikir panjang indikator peduli saat ethereumdogecoin murah banding bitcoin waktu baik buat beli full video
757,fiat dolar sebut scam besar banyak orang mulai alih bitcoin bank punya kuat hukum batas beli bitcoin amerika habis uang pajak konflik luar negeri apa dapat kalian full video
758,aset besar dunia pola pikir
759,jangan langsung percaya influencer bilang bitcoin bakal kalau beli bitcoin cuma rugi mending beli meme coins turun full video
760,is dell the next microstrategy orang kaya dunia
761,prediksi akurat kemarin channel bilang bitcoin drop karena gamestop turun jelas ngerti gerakin pasar market makers broker liquidity providers full video
762,ragu bitcoin turun youre kidding sempat emas akhir wall street institusi besar manipulasi harga etf peluang cuan besar full video
763,mei saat beli alt coins bukan bitcoin old season dekat banyak alt coin diskon gabung vip telegram untuk pandu lengkap update live siap profit besar full video
764,hasil beli bitcoin murah banget banyak koin diskon besar kemarin tugas aku buat member vip yakin sekarang saat yakin meski harga murah psikologi pasar bikin ragu full video
765,ingat koin trump dulu sekarang naik x lipat prediksi meme coins naik lebih cepat awal siklus altcoin season bitcoin halving jadi mulai akumulasi sekarang full video
766,channel bilang bitcoin alltime high baru juni kita udah warning juni kalau bearish short term beli pada desnov fokus puncak siklus drop serok full video
767,flexing time prediksi bitcoin dari juni bukti super akurat juni jam pagi chart bitcoin beneran turun yang bilang yuk cek bukti siapsiap cuan full video
768,bitcoin update fakta tarik btc konsolidasi more less hari panjang april september chart atas proses sama down corrective up impulsive drop again sama konsolidasi base skrg chart bawah tidak jadi patok cuma sama
769,part upgrade cvt matic cek harga promo khusus bagai part modif motor original lewat link bawah shopee tokopedia lazada
771,percaya usaha muda tidak duit punya uang dikit bagi beli aset kemudian uang udah lempar aset a b c udah suruh kerja uang nya pandai lah putar kan uang
772,buat skeptis lihat bukti nyata investasi vip telegram member hasil profit hingga contoh switch bitcoin ether lonjak real community real results gabung sekarang full video
773,beach walk hari sangat senang jumpa bulan depan our bitcoin beach walk today was lots of fun see you again next month
774,gak semua orang jadi trader semua orang jadi usaha semua orang jadi investor
775,ojo mentas sakdurunge tuntas ojo leren sakdurunge panen ojo nyerah nek ora ken urip susah gus kok hd
776,wah halving bitcoin depan mata apa iya smua market bakal ijo smua duh fomo bisa kalo beli skg wah marketnya lejit nih jual skg apa hold dulu ya nahhh semua tanya putar halving galau kriptopers akhirakhir bakal lik
777,ada ilmu padi adu ilmu jembt tak lihat kembang
778,riot platfrom inc usaha tambang bitcoin hampir gapernah deviden investor gua beli nya but im sure this cycle is different it doesnt matter if im wrong just using have fun money
779,pasu bukan usaha ges kemarin cairin bitcoin
780,jom tukaq bitcoin
781,hewan mirip penyu apasih purapura
782,anda nya saldo bitcoin ku di ambiludah jadi naga sekarang
783,bitcoin vs emas tarung investasi era digital iisal
784,pilpres biasa aja klo bitcoin oke
785,komparasi ihsg bitcoin
786,citrea inovasi baru skalabilitas bitcoin iisal
787,bitcoin emas perak lindung investasi tengah gejolak ekonomi iisal
788,ethiopia sinar destinasi baru tambang bitcoin global iisal
789,mana peduli bro sing penting joget bos
790,masalah kena stunting rentan kelompok mana kelompok kelas bawah alias cap susah tadi jadi sama aja jatuh sasar tetap kaum kelas bawah
791,labur kripto pelabur
792,selamat raya isra mi raj nabi muhammad saw moga indonesia damai makmur adil lindung aamiin
793,bitcoin kuat
794,bitcoin aku mau beli mobil innova diesel putih
795,pssttada hadiah bitcoin hingga rp juta bisa kamu menangin yuk install ajaib kripto kode ajaib anan dmulai jalan investasi kriptomu terus hadiah klik sini
796,verifikasi akun di nama panggil lutfil ajar lebih lanjut masa depan desentralisasi bangun
797,verifikasi akun di nama panggil tmy ajar lebih lanjut masa depan desentralisasi bangun
798,nunggu bitcoin banting cuman bilang mati masuk rndr
799,aku baca hah hayday apa restoran hah trade trading bank bitcoin forex hah gandum tukeran gandum astaga game wkwkwkwkw
800,verifikasi akun di nama panggil muhamat desentralisasi bangun
801,pssttada hadiah bitcoin hingga rp juta bisa kamu menangin yuk install ajaib kripto kode ajaib cokrdqg dmulai jalan investasi kriptomu terus hadiah klik sini
804,verifikasi akun di nama panggil aditamaputra desentralisasi bangun
805,tambang bitcoin pak maksud
806,verifikasi akun di nama panggil yad ajar lebih lanjut masa depan desentralisasi bangun
808,mulai ajar etf bitcoin turun luncur spot bitcoin etf
809,simpleng data pero gem nila to alam tara samahan nyo kaming manood ng live
810,emang tidak mau nih hadiah bitcoin hingga rp juta bisa kamu menangin yuk install ajaib kripto kode ajaib ahmarqv dmulai jalan investasi kriptomu terus hadiah klik sini
812,verifikasi akun di nama panggil rasihr ajar lebih lanjut masa depan desentralisasi bangun
813,kejut lihat youtube bang siar pangsung bitcoin rupa sdh alih kepemilikanplaylist sih nagara istitute patra video sudah ilang
814,game lagi viral pragmatic
815,kakek zeus ribu ngasih petir merah biru
816,tinggal tidur aja
817,kamu loh pakai tripod stand jadi agam fungsi promosi bisnis pajang fotobarcodeqris tunjuk arah papan informasi promosi dapat tripod stand sekarang klik link bio
818,verifikasi akun di nama panggil raden ajar lebih lanjut masa depan desentralisasi bangun
819,verifikasi akun di nama panggil tahir ajar lebih lanjut masa depan desentralisasi bangun
820,verifikasi akun di nama panggil jazaulaufa ajar lebih lanjut masa depan desentralisasi bangun
821,kita punya citacita finansial baik merenca an sebut baik laku beli keluar impulsif
822,kalo elizabeth stark aja semua wanita bisa
823,mamih inces ngasih kejut petir merah auto jp puluh juta
824,wanita lahir besar brooklyn san francisco datang dunia kripto guncang segala
825,aku kalau bio ada bitcoin mmg any point he makes is sampah
826,promo makarizo advisor hair murah
827,kak sentimen naik bitcoin btc ini pengaruh the fed nya amerika mulai landai turun suku bunga tahun mohon cerah
828,prediksi dan lihat sama tahun ini banyak cetak jutawan baru milyader baru dunia tahun juang
829,pasuk fase halving mulai mei bullish uptrend langsung jadi biasa bullrun akan jadi bulan bitcoin halving anda siap halving bitcoin sempat hanya jadi sekali thnbullrun benar
830,ini prediksi lihat sama tahun cetak jutawan baru milyarder baru ath baru jadwal tahun merah november cycle top jadwal lama hari mulai tanggal november
831,beli bitcoin ah eh turun
832,pasuk fase tanda ini fase segera mulai
833,klo gitu berani ya lah apbn indonesia investasi bitcoin bumn buat usaha bitcoin bank bumn investasi bitcoin ikan pinjam produktif kpd nasabah utk bitcoin
