Tweet,Sentiment
Bitcoin Dog Dog Dogs Hopefully all you died,Negatif
Bitcoin goes down,Negatif
BI Bitcoin forms an invalid payment tool,Negatif
"Bitcoin goes crazy down, arriving at risk",Negatif
Good morning good weekend the price of Bitcoin Natural Day is quite a lot down at the Altcoin XRP NXT natural market.,Positif
just bought bitcoin near the top of the day ago you have to be unhappy to sit down today you are,Negatif
buy a lot of bitcoin that bitcoin is missing,Negatif
"Muskil is indeed a shadow of Cryptocurrency Receiving all sectors of this trend industry, each business sector makes Cryptocurrency itself, for example, the global ebay community makes the world's own graphics design community making your own",Positif
Night Read Ciked Ciked Cryptocurrency The Viral Bitcoin Prices Ride Bitcoin Borak Lah Takda Function,Negatif
"Okay, think opening a semi -private course to want to teach trading cryptocurrency week x in Bandung who was interested first yes",Positif
Yesterday met one of Indonesia's big cryptocurrency businesses and then said wow if you know you played for a long time that how far fars of persistence can take you not necksessarily persistence most shitpost and meme,Positif
Know Snapex Workplace Platform Margin Trading Cryptocurrency See More at,Positif
age ken s s then then become a lecturer to apply phd the first work is teaching crypto ken to become an expert in Indonesian cryptocurrency.,Positif
Like if the first educational sharing sharing basic blockchain cryptocurrency web industry industry other exciting time,Positif
what is the difference between the cryptocurrency layer layer of the foundation of a blockchain system of the basic transaction of Sending Making Amp Burning responsibility for the safe continued Blockchain net sample Bitcoin Ethereum Solana,Positif
Crypto Haram Islam Pandang Panjang Cryptocurrency Debate There are several Cryptocurrency bases consider the main haram of the Indonesian Ulema Council MUI Gharar Uncertainty of Crypto Value Fluctuations are not basic assets,Positif
again playing games in history like an exciting world aspects while teaching the topic of the history of money discussing barter to the blockchain this neutral business game does not call Cryptocurrency what if you read clearly,Negatif
Never Join Pepe I COIN COIN FAST CONDITIONS CONDITIONS CLICK LINK BELOW,Positif
buzzwords web blockchain normally cryptocurrency nft yes buzzword even though it comes cuan a lot of stains like scam hack ponzi other big losses know that web blockchain is more,Positif
face to Promote Crypto Hype Products used to go xx capital conference eating a table of people Ria promoted Cryptocurrency service Fuh Story All Return Je,Negatif
Cryptocurrency The hottest topic of the year now has begun lelep overall market drops of the average Indonesian retail investor already starts to give up a lot of news that tends to be negative like the future Crypto is dead a thread,Negatif
Bitcoin Cryptocurrency Capital Large Natural world rises significant,Positif
Renzo Rez Binance Research Rez forms Liquid Restaking Protocol Easily for Staking Cryptocurrency Ethereum Eth Renzo Easy Protocol for Staking Cryptocurrency Ethheum Eth Renzo Missing True Holiness,Positif
So the future of cryptocurrency may be located at all finance throughout the web ecosystem The New Version of the Internet is really true Talent Talent Push Dencentralized Open Internet Vision,Positif
Video Kama Hizi Ni Mhimu there Kuzingtia KufatiLia Na Kujifunza Kitu Cha Msingi Kwa Ajili KujiGezea Kipato Hii Ni Full Course Yenye Manufaaa,Positif
Starting to enter which time high -caliber people discuss anti -cryptocurrency with crypto do not understand much wrong concept of crypto web web people are very good at respect,Positif
Mobee Pop Up Quiz Who First Knowing Cryptocurrency Concept,Positif
Like the jabat using the science of witchcraft so that it returns why choose to pay the Crypto Monero Hacker Coin Type often select Cryptocurrency Monero XMR Monero Design Give a High Privacy Level of Use,Positif
What is the Cryptocurrency Address Unique Identification Address.,Positif
Really friendly environment I want to hear fish to comment below Join Capacity,Positif
Most Popular News of Ethereum Pek is still religious starting to predict the price of ETH years to be able to Ethereum,Positif
The net of the evil money as fince the bureau of the money department can be binance hooks the illegal cryptocurrency platform Bitzlato,Negatif
Bitcoin Cryptocurrency Another correction on Monday yesterday's high -level crypto assets since August long weekends,Positif
JPMORGAN CEO Jamie Dimon Discussing Thinking Bitcoin Interest Rates This Federal Reserve needs to rise interest rates need to be higher,Positif
United Arab Emirates Minister Thani Alzeyousudi said Crypto holding the important role of the State's further trade,Positif
FRANCOIS VILLERY DE GALHAU Governor Banque de France Encourages Standards to Set a tighter Cryptocurrency French business.,Negatif
"Rohit, Boss, Senggol Dong Andi P",Negatif
January Cipta Bitcoin Pseudonim Satoshi Amoto Amoto The first Bitcoin mine now knows Genesis Block Six Days Early Release Your device Bitcoin Luncur Cryptocurrency Net,Positif
China Lapur Pasar NFT Nonfungible First Token Kung State commands This is a new sign of therapy technology to sit in the Legal Abuabu Legal Area Set a State Cryptocurrency,Positif
ndo wkwk according to what Ken,Negatif
"ndo if you really have to go up and go down, maybe we hope that the end will make it up, hopefully it will go down more, but it's just a small retail, you know that it only has a big data",Positif
News of the US Judge Department Confiscated SBF there is Robinhood,Negatif
What is Bonk Inu Bonk Coin Meme Shiba Inu version of Solana,Negatif
As for some of the coins to use this Privacy Coin feature Monero XMR Zcash Zec Dash Dash,Negatif
Bahahaha,Negatif
Only work back and scenes now women can go directly to the work of their own work,Positif
Reminder to make a cuan take profit what percentage of the PNL write if the realization of your WD bank does not feel that money can rise from here at least sell it for the first time safe money,Positif
Love the community of joining our telegrams more,Positif
ndo see the timeframe of BTC hours through k may go up first k prayer can be through k,Positif
need a massager can cryptocurrency,Negatif
The word of the year of the year of the Cryptocurrency world turmoil we saw many special events so,Positif
Want to teach cryptocurrency,Negatif
Year looking for phd rejecting the bass then broke up already ah ah maybe not the fortune to find work in the field of cryptocurrency now began to taste settle just got the guidance info when the thesis opens the vacant phd life's life life is only joking,Negatif
"So it's walking on the Twitter Cryptocurrency Telegram TemanTemen, please think of calling for a loyal follower of what is the experts of the crypto expert",Positif
Come on Millennial Investment Investment Investment Only Gold Sukuk Also Cryptocurrency Want to Teach Silah List Telegram First Week Free,Positif
Almost all Bitcoin BTC Circular Supply there is a Cryptocurrency Wallet Main Main Twitter account The Token Analyst,Positif
Comments about Red Cryptocurrency Comments Negative Neutral Neutral Price Rise positive comments,Negatif
"One of the Cryptocurrency Investment modes, one of which is not one alone, just playing cryptocurrency, don't enter all the eggs in the basket",Negatif
The term blockchain does say foreign to the big internet people in early emergence many people are confused and even doubtful,Negatif
hmmm the topic of spread by frequency is quite often uploaded waiting for the cryptocurrency material for the subscribe week first la,Positif
"Bitcoin price on million eh bro teach me how to buy Bitcoin Investment Cryptocurrency, I will see the potential for pulling the price of Bitcoin you play like GITUAN NOT POSSIBLE YOUR BROOO INVESTMENT BODONG BODONG ARE FUNNY FUNNY",Positif
Some time ago invited a discussion with people withdrawing with the Cryptocurrency Blockchain or a little bit of the blockchain already chatted the basabasimuncul a question,Negatif
for a moment when the phase is a genius like cryptocurrency,Negatif
Football is now adopting cryptocurrency,Negatif
"The shadow of the digital world is not a destroyed website, no content can be censored other than the web domain",Negatif
British Parliament Cetus Ideas Citizens Pay Taxes Use Bitcoin Youh you know Eddie Hughes Members of Parliamentary Parliament Starting Adaptation and Technology Revolution,Negatif
"if you look at the comments of the legit, bro, the post is clearly clear of the scam",Positif
"Crypto prices go up for those of you to start investing in buying now, monitor the Crypto Market Caps",Negatif
Adjust Anti -Washing Money Starting to sell European Union,Negatif
Opera Luncur Browser New Can Crypto Wallet in,Positif
Indonesia Teach Turkey Many Turkish Command Blocking Sites will Redirect ADS Content Sites Even Mining Cryptocurrency Even the Un Site,Positif
Chinese wenang arrest people suspected of behavior Cryptojacking,Negatif
Iran Kembang Cryptocurrency Central Bank prohibits Complete Bitcoin Exchange Exchange Click,Positif
the number of predictions is increasingly lacking the procession down the price of virtual currencies.,Negatif
Reddit stop receiving the payment method using Bitcoin Image,Negatif
Thailand Cryptocurrency Tax,Negatif
orders for Iran token the new telegram to be damaged by the national currency,Positif
There is a discussion of Cryptocurrency Separation next week,Negatif
Japanese money regulator remains the law of several cryptocurrency exchanges Sunday and closed for,Negatif
President of Venezuela Nicolas Maduro claims the results of the Selling Selling Petro Cryptocurrency first came out of the country,Positif
Kumamoto Energy Japanese Local Electric Manufacturers They Use Cryptocurrency Mine Energy,Negatif
"Bank Indonesia is also the benefit of the presence of blockchain technology so the basic technology of Cryptocurrency operations, for example, Bitcoin amp Digital Currency, may not be closed, maybe the rupiah currency changes to digital read more",Positif
Adjust the new name of the virtual currency of Malaysia's mandate to obey KYC to gather ID documentation gathering,Positif
otaku coin cryptocurrency new otaku,Positif
what is cryptocurrency see the review,Negatif
The focus of the article on the positive aspects of cryptocurrency is not the speculation aspect of speculation instead of damaged cryptocurrency ecosystem aspects of speculation only greed,Positif
"Predictions Become the trend of the world of technology in the country, see the basic information of Bitcoin digital currency. You continue to participate",Negatif
digital currency proof makes rich people for example their people become billionaires in the world of cryptocurrency fever,Positif
Good evening Smart people in duty who is on thesis working on college assignments may take a break,Positif
Quite a lot of DM asked about bitcoin et al trying to make a thread.,Negatif
Video clearly falls on Cryptocurrency prices,Positif
for digital currency or cryptocurrency Bitcoin Ethereum Ripple is increasingly widespread many countries responding to legal even though not a few boycotts,Positif
Cryptocurrency nuclear technician using supercomputer,Negatif
Keerleri bagladik noodles,Negatif
Japanese Bitcoin Exchange Retas Break Rp,Negatif
Gamers said annoyed Miners the price of VGA BLOINE USING Cryptocurrency Mining Ready to Samsung for Chip No Now the World of News Supports ASIC Chip Special Mining Russia Chinese Manufacturers,Positif
Coincheck Japanese Cryptocurrency Exchange Breaks How the Fate of Virtual Currency Girls Salary,Negatif
New Cryptocurrency Hundreds,Positif
"Pay attention to the mainstream media, see massively discussing cryptocurrency safe great Gosah wonder the direction is clearly kept going to bonda, just wait for regret",Positif
Facebook Block All Cryptocurrency Ads,Negatif
One of the big Bitcoin cryptocurrency in the beginning of something great,Positif
Bitcoin Cryptocurrency as of January one Bitcoin Tara USD up and down Bitcoin has been aware for investors,Positif
the one who is mining cryptocurrency using the telegram bot,Negatif
Menkeu remembers the community of gues cryptocurrency,Negatif
"Bitcoin Cryptocurrency So the words often hear the end, let's see clearly Wahyu Anggoro Bitcoin and further discussions hit by the topic on LINE BATIKATA",Positif
said virtual currency does not call cryptocurrency also entered a place where to play timezone vouchers,Negatif
Cryptocurrency digital currency fast aggressive aggressive Fundstrate Global Traces can be kit,Positif
"Bitcoin dick is a savage dick, hopefully all you have died",Negatif
Bitcoin Pull,Negatif
Bright Bitcoin is how to get bitcoin correctly how to check Bitcoin Potential AMP Profit then Bitcoin Place Center for Levender Levender Heights M a S U K P E R C U M A RAHSIA BITCOIN Need to Know,Positif
Good Morning Digitalixhangeid Sahabat Comes to Update Top Cryptocurrencies Period December News Now Digital Assets All Natural Assets Prices Decrease in Bitcoin Prices Derwer How YOUR ASETS YOUR ASET DAY,Positif
"Bitcoin price analysis if you like to upload like this, please enter it, Disclaimer is not a financial advice",Negatif
Blockchain Cardano What in Gods Name is that for following or from seeing Rtan Tweet definitely listening to the shortcut of things to join Blockchain Cryptocurrency Bitcoin XLM XRP BTC other like,Negatif
"Want to assume the mainstream media control with the elite world of the world of big investor bankers want to be rich, they already have crypto, just think of having a lot of bitcoin",Positif
less aimed at being real if Bitcoin Bubble Bear Market is not bubble,Positif
Nerve Kidigitali Bitcoin Yaporomoka Thamani Kwa Kasi Jana Desemba Bitcoin Ilipungua Thamani Kwa Zaishuka Chini USD Kwa Bitcoin Ikiwa Ndio Thamani Yake Ndogo Zaidi Zaidi Mwaka Mwaka Mwaka Soma,Negatif
if you have a debt of installments to be paid off first you want to give your family's parents to be million every month the investment investment definition limits buy bitcoin buying limits,Positif
BTC SHORT BTCUSD XBTUSD,Negatif
"Who are the Cryptocurrency there is a large coin market stamp, please check the websites, wanting to hold one of this Bitcoin Ethereum Ripple Litecoin Bitcoin Cash Eos Stellar Lumens Cardano iota tether",Positif
Event Suitable Student People withdraw Development Blockchain Tuh Bitcoin Cryptocurrency Rear Technology Saturday August Lo Ka Si Jalan Juanda No Bandung At Dont Miss It,Positif
Think of buying Bitcoin the price of millions immediately becomes milliona pay attention to the risk of the million down to million,Negatif
The argument why Bitcoin is worth mentioning Bubble once again says the argument can be wrong he drops more and a longer period of time Tua Table Picture two adds for discussions heheh,Positif
"Then the price goes up USD, selling money to USD, assume USD is enjoying it when the price drops so USD buy using USD, I get a cheap Bitcoin price",Positif
Better Selling Skrg Total Thinking Thinking Selling Sell Price The more down what prices go down prices for world elite investors buy cheap prices like buying Bitcoin USD Buy USD,Positif
"I guess now in the price phase falls, the tips are Google, Bitcoin News Today Cryptocurrency News Today. See if type the day on google results",Negatif
"It is worth entering MLM, giving a set of state debt problems, don't play Bitcoin to play forex first, it's very kanto",Positif
Mr. Jon Ken Dong is just the boygimana how to play crypto taught Mr. Jon list exchange how to sell how to sell how to buy try to buy million rupiahs to Bitcoin tomorrow million will immediately be millions,Negatif
"Because Bitcoin is dominated, just look at the Bitcoin market cap almost to the middle of a total capital then all exchanges if you want to exchange with fiat are the same",Negatif
Because Bitcoin is already stealing the start of the appeal Altcoin almost knows yes maybe shrinking it takes time scale,Negatif
"a lot of media news is not familiar, right, all the coindesk, I'm sure a lot of you will hear LOL, it's different in November, try to googling bitcoin news Decembers November",Positif
FUD FEAR UNCENATAINTY AND Double News makes fear that the price falls for example the news is the completion of bitcoin even though the price only goes down fudster people spread fud,Negatif
"Lets Start, the story is the bass coin btc act bcd bch btg etc. rygnis ltc nxt stq ten waves xlm xzc dash doge all short like playing bbca bank btc bitcoin ethheum ethheum",Negatif
"regulation government, for example, the news of Indian orders want to burden Bitcoin prices will go down the news, for example, there is a new set of taxable to play crypto, so it will make prices up and down",Negatif
"Whale aka Bandar, for example, an Exchange RB Coin, for example, bitcoin, many people only have bitcoin, well, people have bitcoin can easily drive the selling price of bitcoin.",Positif
"Arbitrage takes a profit of different exchange prices, for example, buying Bitcoin Indonesia and then sells the American market Fomo Fear of Missing Out Asa want to stay the train price rises further",Negatif
"If you have dropped drastically, I will just be amateur, I'm afraid like the case of Pak Jon, selling Bitcoin who wins the Whaled with so can buy a Bitcoin at a cheap price",Negatif
FA Fundamental Analysis Qualitative Prediction Event to the World of Cryptocurrency Developer Team from Psychological Conditions of Blockchain Fruit Branch So a Different Entity For example Bitcoin Bitcoin Gold,Negatif
"Whale aka Bandar People have a lot of cryptocurrency, for example, have bitcoin margin trading trading with Higher Risk Higer Return Basically, we have a crypto.",Positif
"Hodl is true Typo Hold, aka Holding tightly Cryptomu Despite Lambo Lambohini Market Conditions, hope that if you are successful in Crypto, you can buy Lambo Moon, the price rises to the high rich right when Bitcoin Akhr goes up USD for a few weeks",Positif
Investing basically Naro Waiting for some time with hope that the dynamics of market dynamics make money.,Negatif
"millions of the results of the play bitcoin earlier using millions of money earlier bought xycoin satisfied he thought that if I return the more capital x I borrowed people, the end of the tube renovation tubes",Positif
"Pak Jon read Altcoin Different, a Coin Fruit Info Just Consider the name Xycoin Instagram a lot says good coin will be a bitcoin participating even there is a story of social media",Positif
Leogemini Prod Me,Negatif
"So about BTC BEARISH STQ weighing the feeling of being late already up far, I have a fomo, this is a weekend, first, I want to FA STQ BTW NI ANALYSIS",Positif
"ginicryptocurrency starts to start being traded when I imagine org from taun that buying bitcoin, for example, slowly the miners have been burning from the first time",Negatif
"if you want to lower the price amen selling the faith at a million price of all bitcoinny prices of bitcoin in the market go down if you go down the Bitcoin with low prices, the manipulation is quite common in the world of cryptocurrency.",Negatif
"associations with the negative side of the internet a lot says bitcoin uses a lot for illegal deepweb transactions and then many say haram tricks, how do you think it's better to do your own research broke up",Positif
Two Power of Purchases Dong Story Bitcoin Price Time Million For example the Amin Buy Bitcoin Faith Exchange Price Million then the Faith bought from Amin Bitcoin earlier the price of million,Negatif
"If I personally, I hold the XLM Eth with XRP, I don't know, I feel uncomfortable, if you don't have a shortcut, see the first Cryptocurrency",Negatif
Analysis of Cryptocurrency Sorry if there are many difficult terms.,Negatif
"For example, you say you can buy a stone price x Ajax Fold can be the same as cryptocurrency now the price of bitcoin for example is tolerated the same capital energy that uses for mining if the analogy of the stone is looking for the remaining stone stone",Negatif
The fact as a means of paying crypto is illegal paying Indonesian legitimate only rupiah as an investment tool is allowed even though Mrs. Sri Mulyani is waiting for the heart of the risk that it is not aware of OJK News,Negatif
Mmm added even the mosque is Bitcoin for zakat,Negatif
see something Bida improvising the Blockchain Bitcoin system but the usual internal view of the eye is done internal Bitcoin Magazinemulalah collaborates with people to make new cryptocurrency protocols,Negatif
"Luno is only BTC and ETH, for example, playing D Luno is more preferred ETH Bitcoin expensive, starting from many more competitors",Positif
The Bitcoin Stone is noted the Blockchain Money System Bner Data D Mined earlier there is the same mathematical cryptography,Negatif
"Yup Predictions Some Crypto Experts for Lay people if it is true that the vehicle is looking for money up to the middle class, so the bourgeoisie hahaha mining so far, fortunately, it's like buying a million GPU can get a Bitcoin Dollar, right?",Positif
levelup,Negatif
while its true at the beginning called the price of bitcoin rose an USD USD and then the USD falls in the meaning of the meaning,Positif
"So, so say it is not in accordance with the vision of Satoshi still volatile, so in the past bitcoin only got a pizza now bitcoin and a dollar will continue to be like gin lets say the year has been settle",Negatif
"Bitcoin wakes up to the aim of the Blockchain Technology Application of various fields of TNB, one of the companies explore this technology",Negatif
"First, I got to know the term cryptocurrency, let's Bitcoin Bitcoin Cryptocurrency, the first big, now Altcoin all Cryptocurrency Bitcoin entered Bitcoin Gold Bitcoin Cash Ethereum Litecoin",Positif
So the story of Satoshi Amoto for Bitcoin Protocol now knows who is Satoshi there is a speculation that is Elon Musk about who is smart innovative,Positif
Tokopedia Gold Spread is the same as buying digital numbers mending Bitcoin,Negatif
cryptocurrency thread pa bitcoin blockchain further disclaimer science in the field is still low if wrong correction open for discussions and questions,Negatif
"I want to be really technical Bitcoin for Dummies if the book is rather rare if you want to follow a few Twitterig pages, you want to discuss it with Twitter, IG Cryptolol Cryptonary",Positif
well bitcoin technology name blockchain when please change the world of paying the system how the results are further thread part tomorrow sorry you've been sleepy,Negatif
"TIMESTAMP DATE Block Call the form of Bitcoin data, for example, recorded all transactions",Negatif
"Then the person belongs to only one bitcoin but has a break up to per million one Satoshi Satoshi million Bitcoin is like the island's stone that has each person, right, the story is further",Positif
Starting Cryptocurrency into a Digital Trading Asset for example Bitcoin exchange and Litecoin then the young A year was born the name of Vitalik Buterin Internal Bitcoin Magazine if wrong has a programming base,Negatif
"Record the price of Bitcoin now a dollar data per minute then I trade lol now using Bitcoin there is also a Capitalist of Bitcoin Tradinginvest, right to enter the new asset era",Positif
"well, the core of the bitcoin is the motion of the blockchain platform earlier the data has a blockchain secure using cryptography, for example, the username is that the general eye is translated into random letters like gin or gin or gin or gin or gin or gin or gin or gin or gin or gin atwmnzipneverbzsnpjtzypx",Negatif
"The competition can be the remaining stone so it becomes heavier, right now people now people, so the price of the stone will rise from the rock, now the stone bitcoin is easy to bitcoin pnjlasan, why is it easy for bitcoin from the first time to rise.",Positif
"When there is a financial crisis, there is a lot of collapse economy when there is an answer to God in the year of bitcoin whitepaper. Is the Whitepaper become a whitepaper",Negatif
Now the technical problem of Bitcoin Blockchain Satoshi Amoto Propose a System Many Adoption of Skipskip JML Bitcoin Akn Ad In Existence made millions of stone analogies in TD Island which is already mine Million Analogy of Stone in Td Island,Positif
Slowly increasingly many people try to use bitcoin media to pay one of a few days ago last year the first bitcoin transaction was done ssorg bought a bitcoin pizza price equivalent to how many tens of pizza dollars used to,Positif
"information hit by bitcoin, my friends have heard about bitcoin, let's discuss a little how can I change my life so I have a business way to decorate a hp casing, a little investment, I try to play cryptocurrency",Negatif
"The price is down now, millions of millions next month, the meaning of each bitcoin we have a loss of thousands, right note, the price of Bitcoin Million we buy Bitcoin and even buy jtaeun but the picture",Positif
Working in the field of IT knows what blockchain and how powerful it is bitcoin cryptocurrency in general analogy alibaba uber gojek other facebook a disruption has become a lot of rich cryptocurrency,Positif
"Examples of bitcoin can be analogy like a case in Indonesia, the case of other Anthurium Anthurium Batu cases is similar",Negatif
"not the same as the Amin Giur and Cryptocurrency Different, Different Read First, don't want the origin of the investment, so it's stupid, if you spend it every day every day reading the Cryptocurrency in early December Investment Investment Number of X D Bitcoin",Negatif
Bitcoin is halal,Negatif
"There is a lot of cryptocurrency only Bitcoin I give a picture of the price of cryptocurrency at the end of November Bitcoin Million Ethereum Million Ripple thousand LiteCoin Million There are many stories, the story",Positif
The story of three remember the booming of digital assets aka cryptocurrency bitcoin what is the name of the booming really the end of the price of the price increases in times of a few weeks is a friend saying it is like bitcoin,Negatif
Crash alias down a lot of Bitcoin prices of Bitcoin Pictures of November An Million Beginning of the Year of Million At the end of January yesterday it dropped until the million nxt bought the Amin himself down RB shadow right,Negatif
kekcoin developer update kekcoin core v release kek btc crypto,Negatif
November the price of cryptocurrency is much smaller that is just the one that is just like the meaning of buying for example Bitcoin in January the price,Negatif
Old Bitcoin So Fanboism Kl which is different can immediately be furious,Positif
"now participate in using coinhive, aka riding a bitcoin mining who opens the website, read the Ditask Manager using the SD Browser Opera CPU, I NOTE CPU I use this web.",Negatif
"don't believe this, please see an example of a coin legit bitcoin, see the day almost year to get stuck to the shoots for returning capital",Negatif
"For a long time, for example, I didn't want to be willing to be wrong then cut loss for example then accumulated saving slowly, the price of Bitcoin for now will be very cuan already set for life.",Negatif
"Now people like to love Bitcoin to USD, maybe you can see the USD later all other big cukong institutions in take profit yes the period of buying just selling will see the real bloodbath",Positif
said Elon Pompom Doge Prices Rise said Elon wants to adopt crypto prices to rise and then Elon says Tesla is tough paying bitcoin price so you guys guys beliede this shyte if yes you guys are ngmi,Negatif
"In the past, the era went down crypto, I was like a bitcoin imagination yesterday, another crypto descended, what would be more if it went down, if it went down, the altcoin would have a shitcoin blood defecation so that the blood blood defecated blood",Negatif
Believe Wargenet Twitter only has USD Bitcoin money to get a college friend will affect what Tesla wisely wisely,Positif
End of Bitcoin BTC Breakout Signal follows BTC technical analysis predictions,Negatif
Other Bitcoin Ethereum is a little bit like Bnb KCS FTT don't forget to teach the technical side.,Negatif
"Join here to teach trading so that when Bitcoin crashes, all the telegram contact money only is nonacrypto",Negatif
"Bris shares say bigger bitcoin gains where yesterday the Pompom account said that here, I ken I laughed the word fundmntalny gu",Positif
the best who is good at playing bitcoin all,Positif
Aing waiting for Bitcoin back below a lot of money missing money after capital preparing popcorn,Negatif
now the price off the price of kg gold,Negatif
Yen Record,Negatif
"right bitcoin to k bang to millions of USD bang you just have to be bitcn bs k jut USD bodo I don't buy if there is a good price setup waiting for the correction later you live the train, it's the meaning of fortune",Positif
Buy Bitcoin all can buy cash houses Ludes there is no inbetween,Negatif
the final week at least sodara asked how to play bitcoin at least old friends gone or come to come asking advice to enter crypto how I don't know somehow I want to play either Ignore Answer Needs to be about to lose,Negatif
so in case of bitcoin crypto other rising if you already ride the gin is really good for entering is not waiting for the correction then,Positif
"Buy Bitcoin now in millions using a tube for school A can be a million, bro.",Negatif
"Bang, you know, Bitcoin is different, so it's really bullish, sir",Positif
if the one who asks Bitcoin Legalharam as it gives all Indonesian traders may be aimed at things,Negatif
Of course the model of thinking of people uses am bitcoin cryptocurrency asks how you can be bitcoin,Negatif
"Bitcoin k USD to million, don't forget",Negatif
said just Bitcoin investment that said the crypto underlying was said to be technical analysis bullshit then there was me who continued to stay in defecation,Negatif
"I'm sure at the bottom the most fierce, keep the strange creature there, the prison of the creature of the ancient creature portal area there for a zoo torture space.",Positif
arrived when people asked religion what Bitcoin answers,Negatif
"Now the price of K if you take prediction of the onchain data analysis and so on pi k ether eoy early next year think about it x on your investment for less than months, the heart wants to be thick if the price correction keeps hodl",Negatif
Malast Malaysia El Salvador Use the Lightning Network,Negatif
scolded by moonboy the influencers are BTC,Negatif
"In the past, the Bitcoin Rebu USD said that I wanted to try the short rebu, now how come it's near the rebu instead of being a human moonbois is unique",Positif
Bitcoin Decentralization Supply of the opposite boundary of the Central Bank Blablabla What if the Central Bank Laku Money Printer Go Brrrr aka Print As much money then to buy Bitcoin Hayoloh want the Laser Eyes Tradfi,Positif
looking for crypto is close to Ath all time high prices high Monitor want to immediately buy free ath Borong Borong Diekin so that it continues to rise,Positif
"The results of the analysis that if you match here is the Coffee Coffee Debate to discuss Civilized Bitcoin Bonus, maybe Ethereum may be wick al an xrp below maybe",Positif
"If I am a genius of Crypto, the future decentralization of Wooo Legit Maslahat Ummah If the Bitcoin Scam Eth Ponzi Crypto Haram Monkey Business Gambling Losses",Negatif
know the new religion of Bitcoin,Positif
"He's good tips, don't buy now, just be patient a few weeks when the correction in the palace can buy crypto assets, the price is relatively cheap want",Positif
no shitcoin maybe yes bitcoin eth friend not at all,Negatif
All are aware of time,Positif
Burrrratttttt,Negatif
"gap upper small contents now select it will continue the top of the gap lid for a long time yet, the contents when it falls k then first cover the gap bottom on the kk",Positif
pay an appointment for updateSGT Video New Analysis Whages Proof,Positif
Wait for Yajika Defi Stablecoin project sues by the meaning of correction,Negatif
Hash Rate Bitcoin Hash Rate Rate Healthy Indicator Blockchain Net The higher the hash rate the more Miners the higher the safety of the net net rise rate of the bitcoin mirror believes the more the level,Positif
while the price of trying to save nyil can be at least bitcoin some ethereum understands how to teach do not be the pretter try the direction not sell a little in the future,Negatif
Bitcoin Age Year January Satoshi Amoto First Goblok,Positif
News First Difference Crypto Regulator Bahama Amp New Management Ftx Gemini Genesis Amp DCG News Gemini Regulator Bahama Amp Ftx Genesis DCG Watch,Positif
Last year January Genesis Bitcoin Block First Goblok Results of Satoshi Amoto and Write Chancellor on Brink of Second Bailout for Banks Remember what Bitcoin Cipta,Positif
Last year Digital Asset Day Changing the World Born Birthday Birthday,Negatif
HBD Bitcoin,Negatif
rather veteran the world of crypto might be the most advice price for new sticks to Bitcoin maybe a little Ethereum everything else is if it is strong enough fundamental,Positif
tell me how you first knew it,Positif
"Crypto Bros. Last week, one of the leaders of the European central bank said Bitcoin was aiming at the unreleviation saying the promotion of Bitcoin belonging to your reputational risk",Negatif
last year's stupid zero genesis goblok bitcoin mining enthusiasm emerged bitcoin was the current money system dilapidated,Negatif
for example the price of crypto just think of bitcoin k USD then want to buy the results of the analysis see it might go down we bought now we are waiting for it to be noted so we first fly to the pull,Positif
"Weekly updates for Bitcoin Crypto Market, the results of Crypto research are a few knowing so investors traders who want",Negatif
"Then public, here, the general public came in, just look at Bitcoin USD everyone talks about crypto meatballs in front of the Investment House Bitcoin account to change into Crypto education starting all the crypto crypto crypto is still until now",Positif
Please look at the price of the price maybe a thin bedabeda is exact number so Bitcoin will be bullish.,Negatif
BTC Bitcoin has dropped almost since the end of the world's web flower you anti -crypto mode of investment you can take advantage of the web,Negatif
examples of predictive bitcoin riding the fibonacci zone down k,Negatif
natural CBDC,Positif
compare first with bitcoin,Positif
Don't forget that people are screaming bullish k Soon people are just telling you to buy when ATH then say the price of Bitcoin to K,Negatif
bitcoin closing doji signs my sideways area mention yesterday yesterday ema golden cross here btw,Positif
wake up bitcoin,Negatif
I thought the price rose news update Crypto Bubbles Technical Bitcoin Wisdomtree Aju Etf Bitcoin Spot Deutsche Bank Licensing Crypto Custody Big Big Update Polygon Labs Click here,Positif
The final few hours of the strong sideway push for the expectations whether it rose in the day,Positif
sometimes sustenance comes the form of free homemade french fries cup of limestur cups cool natural views of a natural view of fresh air there is no npc around selfcustodial bitcoin bitcoin wallet.,Positif
already bought a good bitcoin now out of the BTC exchanger entering Cold Wallet Save BTC Exchanger like Save Gold Bank Not Bajar Bajar So Ftx Shut Down Save all missing BTC each,Negatif
Not yet discussed hit by Lefttranslated Cycle Supercycle Bob remembers that the cycle looks too easy for the Bitcoin Holder last year so the Average correction is around per correction of the average,Positif
make a sleep bitcoin,Negatif
Looks Familiar Guys Chainlinks The coin movement is consolidated since May has never been higher based on theory of consolidation accumulation will it be like Bitcoin Cash,Positif
intellectual capacity people certainly really understand whether bitcoin will buy,Positif
Quick Update Please Enjoy Analysis Let me know what you think,Positif
News Alert DRI DRI BIG GROUP BITCOIN TL CRYPTOQUANT is sure that the SEC spot Bitcoin ETF PICU SELLTTENEWS Event can go down prices up to k,Positif
"Crypto is full of twists and turns, how about crypto crypto",Positif
"The most plagiarism coin crypto coin is, if I think guess it is impossible that there is a doge belonging to technology with bitcoin creative technology bitcoin who thinks the coal is even familiar with bitcoin",Positif
"Bitcoin Ethereum XRP Bnb All Close Candle Timeframe H is like Gin Ugly, Most likey Cryptocrypto other",Negatif
just a cool director to make artwork see Bitcoin Poster,Positif
the context of ever backtest how to buy bitcoin really effective see here video,Positif
"The film Vigilante changes this system, there are many people who don't feel victorious for one film Jaya Plaque to look at this world so what if the system is not a person who hasn't been fiat bought Bitcoin gold latte",Positif
Bouncebit BB Binance Research Bitcoin Bitcoin Digital Money Save so just Bouncebit is present the concept of BTC restaking for Bitcoin Bouncebit results have an innovative framework joining Cefi Centralized Cefi,Positif
Bitcoin Also Pull Iotex,Negatif
Bitcoin's new history as of the end of May inflow GBTC GrayScale Source Faride Investors,Positif
Red April Bitcoin Closing Candle Analysis here,Negatif
BREAKING PASTING NET BORRY PROCESS TRANSACTION,Negatif
Bitcoin has gone up as of March when buying it's better to find out first what bitcoin Bitcoin gather books worthy to read about a thread,Positif
LFG Sofar Price Action Movement Maintance Bullish Momentum AMP just came out the accumulation of pull paint zone because one of the gamefi platforms has a bitcoin ecosystem that the token was used to be launched by bakeryswap,Positif
Sunday I Good Momentum Trade Bitcoin See Weekly Close Lets Breakdown The Setup,Positif
The first cryptocurrency is not the concept of cryptocurrency present in the year Satoshi Amoto Release Whitepaper Bitcoin Concept Cryptocurrency First Copyright Cryptographer Name David Chaum Also Copyright,Positif
"Mas, if Bitcoin is billion, what do you want to do, bro, you just become an anime drawer, Mas, the future",Negatif
Bitcoin This Flying Rocket Altcoins Press BTCD on,Negatif
only for March Disconnect Blackrock Delays Reach Ath The main currency naturally grows shib bonk pepe doge leads to check pictures,Positif
"Bitcoin Outlook BTC Screenshot just save it back a few weeks if the name is wrong, the name is deleted like the one who claims to be good at the wrong delete, I will analyze the wrong now now analysis",Negatif
Investment Is Good Ciamik Safe Private Bonds FR Ori Middle Middle Mutual Mutual Risk Blue Blue Chip Bitcoin Btcbig Cap Hrr Bitcoin AltsmallMedium Cap Perp Contract Smallmedium Cap Forexgold Trading Deposits Gold Land Skip Loss Brok,Positif
Monthly Close Bitcoin Bitcoin Monthly Close Candle So the day when based on Price Action is quite worried about the potential of the Bitcoin Top Tweezer Pattern Chart Holds the Bullish maintance price price,Positif
Bitcoin Toll Road What Bitcoin Layer Bitcoin Bitcoin Layer Jalan Raya more people use it more and more jammed so the Bitcoin Layer Net Toll Road New Toll Road on the Bitcoin Highway Toll Road may be more,Positif
Quiz guess the price of Bitcoin Weekly Close tomorrow the number is true or near the Gopay reward reward k,Positif
"When is Alt Season correct my Altseason indicator is quite simple, BTC Reach New Peak Altseason Lower is a comparison chart of white mc bitcoin mc all crypto exclude top here",Positif
"shadow to pro Bitcoin people, how much is the price of bitcoin when",Positif
Breaking top,Positif
Breaking presidential candidate Donald Trump said not so that the country takes over the dominance of AMP,Negatif
Breaking Touch Price,Negatif
Bitcoin Monthly Chaupdate Mei Edition Welcome May April Gadanggadang Bullish High Probability Chance Prices Raise Real Card Forward We See Monthly Close Close Day Bitcoin Monthly Return in April Closed Minus,Positif
Cipta Bitcoin Year Reach Billion Transactions,Negatif
Former Twitter CEO Jack Dorsey Dorsey Cucus USD Million Opensats Kembang Bitcoin,Negatif
Game Plan Bitcoin Market Cryptocurrency Has Starting This Recovery So Because Some Like Sentiment Dovish Fed Fomc Already Touch Major Support This Level Bitcoin Rise from Current Bottom Price,Negatif
"Now telling the media to give the news cihuy the price is increasingly rising people, the ordinary people Ken Dong Hearing the Cryptocurrency Investment Headline Profit X Folding the same people as Mr. Jon in the story of LGG, buy a long thought",Negatif
well continue to finish the meal if tomorrow work heheh heheh I discuss a little how to reaction to the news about cryptocurrency stay tuned,Negatif
"well, there is a good ripple coin cryptocurrency node, a good long -term investment may be a year or year when many crypto abal destroyed ripples become one of the resistance",Positif
"well, playing reliable cryptocurrency, even though I often lose loss, try to find a sepaction person starting to find a cryptocurrency connect",Negatif
"well, personally want to try sharing technical analysis cryptocurrency once a week if you are tired of lol to add online presence for free certification so the financial advisorextra is really big salary hahaha add Linkedin if you want to see hehe",Positif
"Anyway, this fundamental news is profitable Trump's electability will participate by going up the price of Bitcoin Crypto",Negatif
Bitcoin Full Ramal,Positif
"Starting to enter slowly Bitcoin, I hope you lose",Negatif
So the mine is hit into a mine holder amp safety not mine amp and continue to sell so the backup income mining bitcoin is hit by a mindset bitcoin can be a retirement plan not an instant gratification,Negatif
dare to teach the principle of bitcoin,Negatif
"what is the right attitude to see cryptocurrency news, please give an example first",Positif
Pasu tu what's the business salary of playing cryptocurrency has a house like how billion is at least far from the city many piara animals are achieved how to have a billion roughly billion money,Positif
"See the news, Korea, said you want to make cryptocurrency, see the middle of January",Negatif
"There are tips if you break up playing cryptocurrency, see the charts, read well, it's already posted, but just read, pay attention to each phase detail",Negatif
Search Cryptocurrency blockchain met with people rather influenced the influence of the Indonesian blockchain directly add message speed gasss usual gassing knowing how to get info from where gave a little background how,Negatif
"Background Cover Photo, just give it easy like blue white motifs want to replace the smell of cryptocurrency ahahaha other good examples",Positif
This business work is the Organization of Main Cryptocurrency Family Family Fitness Friends.,Positif
"Come on, Bandung Meeting on July hours, the hours of completing the Cryptocurrency Moda Investment",Negatif
who has one of the Cryptocurrency International there is a large coin market cap can be that the gold boost your career cv can be there but,Positif
so basic so it's not bother to be embarrassed ayoo to come leaked the Blockchain Cryptocurrency session session Basic Mindset Main Cryptocurrency Session Networking Event alias Tanya Till Till Drop,Positif
Is the planned in August in September there is a blockchain connecting workshop and or cryptocurrencytapi in terms of programming technology is not an expert lol is now looking for an audience in interest,Positif
Alternative Steemit Blogging Paying Using Cryptocurrency Interest in Japri Teaching maybe when it is discussed when it's successful,Positif
Thanks a lot comes the event a very day seeing the enthusiasm of the coming soon event for the developer a programmer as a sponsor with one of the large cryptocurrency tentative stages of negotiable if you want to tag first friends who are it,Positif
You know Cyronium Cryptocurrency that says for a nation ask for opinions about or what are the impressions of friends about cyronium want to make articles thanks,Positif
Read first if you want to play Bitcoin GT Cryptocurrency Part,Positif
looking for making an interest film in joining the competition I can be available to get hit by a blockchain cryptocurrency shall we make a team,Positif
Using Cryptocurrency Blockchain Only Tip Of The Iceberg Blockchain Application is very much because it is the fruit of the technology using a computer requires many names of talent can programmingcoding the most understand the world of it,Positif
"well, different cryptocurrency one is not a dollar rupiah but the name cryptocurrency, for example, Bitcoin Ethereum Ripple Litecoin, this is an investment media",Negatif
at best I know Cryptocurrency Easy Cryptocurrency SE SE Has a ration in Blockchain Called Easy Like Electronic Money Recorded Account Has RB Money For example,Positif
similar to the price of fluctuating land prices rations in the blockchain change if the land factor is the condition of the condition if the cryptocurrency factor may be a lot of threads.,Negatif
"This teaching is the most volatile market the most manipulative world of fried cryptocurrency so if you want analogy, Mr. Jokowi wants to choose Vice President A All Technical Analysis, hope that people already invest in prices.",Positif
"wow, it's really long like if the material is correct, the computer device is using support for heavy software like an investment prayer at cryptocurrency.",Negatif
"One of the millennial generation sickness is instant gratification want all quickly there are estimated people if playing cryptocurrency, fortunately all tubes for playing crypto do not hear the risk of loss there",Positif
"Full Full Cryptocurrency Investment Million per month cryptocurrency is very volatile rather difficult to determine the roi just think of growing per month if you want to invest Cryptocurrency teach first, don't invest in things you understand",Positif
Federal Election Commission Gaves Green Light for Political Mining Pool Donations,Positif
What are the Blockchain Cryptocurrency Security Healthcare Financial Service Manufacture Government Charity Real Estate Tourism Transport Media other media,Positif
"Read Now, Read the Abu Start Reading Manga Read Cryptocurrency Price Charts Read the Remaining Book Playing Games",Negatif
"Private at Cryptocurrency if you want to follow the lack of advice, the risk is really volatile, maybe if you want to just end the market news really goes down",Positif
"If the Cryptocurrency investment is true, the gain is only per month and even rises x fold, please note it, if you understand about the investment of cryptocurrency, don't advice to give me a normal image, how do you sell",Positif
"Year is indeed a cryptocurrency market while Bull Market Many people want to find money easy, so many people make their own cryptocurrency and then make investors want to invest Crypto for this term ICO Initial Coin Offeringing",Positif
Now Bitcoin is the term Many Cryptocurrency Bitcoin Cryptocurrency is wrong Bitcoin Cryptocurrency Market Market Cap The first is if wrong Cryptocurrency is not Bitcoin Many Indonesians wrong,Negatif
"just like mentioning all indomie instant noodles, it is naturally wrong if the world of cryptocurrency is wrong crypto and others are very different",Negatif
"Again, the word at the beginning of bitcoin is the same as cryptocurrency and indomie is not the same as instant noodles when many people say indomie instant noodles and many people say cryptocurrency bitcoin is true the technical way is not right",Positif
"It's true that I burst bubble, another cryptocurrency is more or less cryptocurrency easy to make it can make my own cryptocurrency using the ethereum platform for example dash nxt like",Positif
Beginning of Heaven ICO Estroduction Everyone Makes his own coin fundraising origin of the word blockchain coin cryptocurrency disruption everything there is the word The Next Bitcoin,Positif
"Disclaimer Background AMP knows Cryptocurrency limits in the field of financial economy until you can know take it with a grain of salt if you go, it would be good to give an argument data",Positif
"well, it's like making cryptocurrency for the real world application ecosystem analogy with noodles all can make instant noodles make instant noodles passing BPOM MUI rasany TRJA TRAHA company can be easy to sustain",Positif
continued SOMENGAAI ICO Bitcoin Cryptocurrency,Negatif
BOS Department of Investigate Asking to be taught to play cryptocurrency when colleagues ask to give you know how to open a stock account.,Negatif
Central Bank Digital Currencies are a Trojan Horse for Bitcoin,Negatif
Relationship with Bitcoin Cryptocurrency Is First Many Still Mistakes Bitcoin Exactly Cryptocurrency Analogy of Instant Noodles Two Many Cryptocurrency Tuh Dired with Bitcoin,Positif
"Bitcoin Cryptocurrency Argument Dead, Silah search for a long time adoption development implementation jauuuuuuuuuuuuuuuuuuuuuuuuuuuuuuuuuuuuuuuuuuuuuuuuuuhhh",Negatif
Because massive massive massive spike price cryptocurrency bitcoin USD try ethereum million rupiah is very massive well then when to reality some factors that can prices go down jauuuhhh until people say bubble,Negatif
Bitcoin Dead Bitcoin Bubble Exploded Main Cryptocurrency already used to hear this data,Negatif
then got why the year of the blood cryptocurrency market is not bitcoin bubblenya broke the world of ICO Bodong,Negatif
End of December early January made a blogpost thread for the year to become a cryptocurrency regardless investment,Positif
"So Cryptocurrency dies, maybe just think of being a clean sweep of shitcoin filters out there so that the solid project is resistant",Positif
"It's easy to explain, it's easy to make Cryptocurrency itself ICO so an investment medium for collecting funds is not much ICO ICO Cryptocurrency does not really often call Shitcoin",Positif
BTC ETH Cryptocurrency Market Cap Big Cap If the wrong valuation of BTC just a number of percent of the cryptocurrency market shadows at that time the cryptocurrency at that time was due to what all of the BTC procedures were all crypto price rose crazy crazy,Negatif
Point Cryptocurrency is indeed a mushroom ICO Hype Many ICO flavored investors are the investment media okay many cryptocurrency entering ICO PAIR and BTC,Positif
I mean a lot of exchange if you want to buy cryptocurrency a using bitcoin plot so use fiat IDR USD for example for buying Bitcoin BTC and then exchange cryptocurrency of course,Negatif
"Eh, you play Bitcoin and I play Bitcoin Ethereum, Bitcoin Ethereum is different from the two Cryptocurrency, different names like US Dollars and different currencies, right?",Positif
in the meantime makes the thread continue yesterday about cryptocurrency,Negatif
"Another alternative to entering the financial market for trading commodities to play cryptocurrency high risk high returns, you want to discuss cryptocurrency, hehe",Positif
so the time to break up million per month per month entered buying amanaman shares just blue chip and then I found in love with the investment media cryptocurrency,Positif
"Barting the term for the usual price of cryptocurrency forms like the head of Bart Simpson, the price of the Tribalalu Cendat Cendat Cendat Cendat and then knows far away to decline a lot of traders who are tricked",Negatif
Silah Medan Rekanrekan Want to Teach Cryptocurrency Bandung Coming Soon,Negatif
"Cryptowzrd wants to teach cryptocurrency here, not just cuan cuan a lot",Positif
Indian Government reconsiders banning cryptocurrency report,Negatif
Public Speaking Experience Add Lagilagi Cryptocurrency Blockchain Presentation,Negatif
Let's go up the price of Bitcoin.,Negatif
It's been a long time to make an event Finally March GT Cryptocurrency Education Featuring Bandung Test Dulusapan Want,Negatif
As per the lecture promise a little about the Cryptocurrency blockchain,Negatif
if u still investment in shiba inu crypto coin then u r a fool,Negatif
Want yesterday's event why should we invest in cryptocurrency,Negatif
Bag the term cryptocurrency holding ordinary number quite a lot of examples of expression I have a bag of xrp sign of people calling enough xrp,Negatif
Correction Gera Correction Prices Rise Correction The price drops for a short price Correction rises for a while Cryptocurrency General Correction Correction Large Correction,Positif
Blockchain Rear Cryptocurrency Technology The contents of the UPA Block Block Conduct the Encryption of the Basic Operation of Consensus Members Almost maybe the application plow only Cryptocurrency as well as supply chain insurance,Negatif
know cryptocurrency,Negatif
Ready to wait for the video thread to play cryptocurrency,Positif
Altcoin Cryptocurrency Bitcoin also said Bitcoin Ethereum Example Litecoin LTC Ripple Xrp Cardano Stellar Lumens Xlm,Positif
coin the term is easy to call cryptocurrency,Positif
Cold Storage Cold Wallet Save Cryptocurrency directly connecting the internet for example USB Write the code,Negatif
cryptojacking uses malware code what is the term stealing computer power for mining cryptocurrency normally a lot of steel download sites,Positif
orange man bad cryptocurrency good,Positif
"Course plans, I want to launch September October when I want to do it adding to the material Terovermed and a lot, I have to be covered with a vision of people who want to invest Cryptocurrency",Negatif
while viral let's look for the results of adding Bitcoin Cryptocurrency Follow trading,Negatif
Welcome to the world of cryptocurrency nginvest down million last night Certainly not for the weak of heart,Positif
"well, usually people in the middle class and work with the work of tube money to play cryptocurrency know knowledge no. Capital is taught by friends how",Negatif
"The effect arises wow fast rich, bitcoin out of euphoria, people immediately jumped into the cryptocurrency market.",Positif
"entered the financial market, whether you want a commodity of Fores Cryptocurrency to know like a Bawabawa Toring Gas Station, you will burn even if you profit, you sell well",Negatif
Wave test if you do the market analysis for cryptocurrency pull the contents of technical analysis,Negatif
"After the discussion with CCO, Tokocrypto Inti, I want to try the initiation of the Cryptocurrency Blockchain education for the Millennial Waves first if the seminar pays a lot, how come the commitment fee is or not",Positif
"Just to the Cryptocurrency language, BTC IDR w indicator indicator showing a bullish sign, it is quite translucent if you can next resistance, USD and if it goes through teruuusss",Negatif
Investment Money Please discuss Bitcoin Cryptocurrency,Negatif
Laugh in Cryptocurrency,Positif
sure you want to subscribe to Freshgrad Starter Pack LinkedIn CV Podcasts Scholarship Random Thought in the front added the Book of Krypto Series Market Analysis Know Cryptocurrency CV Review Series for Teaching Cv,Negatif
let's teach how to analyze Cryptocurrency Crypto Class investment investment,Negatif
Here I want to teach the Cryptocurrency Follow trading investment,Negatif
"Next time open QNA session easy requirements, how come just a consent question and answer post here or youtube ask me anything related to scholarship job hunting study abroad investment cryptocurrency fitness",Positif
continued spoiler in the end of cryptocurrency,Negatif
hey guys want to teach the fundamental analysis of cryptocurrency or not,Negatif
steady to make uci or university Cryptocurrency Indonesia,Positif
there is an online course online learning basic class cryptocurrency list PS SPECIAL MATERIAL MATERIAL MATERIALS MATERIALS So it needs to be registered,Positif
There is a course how to predict Value Bitcoin Cryptocurrency other even make a count model this will be awesome,Positif
"Writing want to accommodate FAQ, hook Cryptocurrency here, ask me, I hook my cryptocurrency.",Negatif
A little business picture wants to make a platform contents in the core podcast video book makes step by step for people entering the world of cryptocurrency guess what the first week makes a super easy platform now and a very heavy taste,Positif
"Wow, sorry, thank God, I didn't enter the bubble victim, but I just fortunate that Cryptocurrency was pretty good",Positif
The usual sense of regrets if you tell me what gitumisal the story when I used to see Aurora Nyanggombongin Cuan Main Cryptocurrency there was a little ken into a single time,Negatif
not even joking i investment and trade cryptocurrency not without realizing the risk why do you always reject people asking for investment money mending if you are afraid of the risk of the base do not understand how to register platforms,Negatif
Daily Profit for Hodling BTC since Taken Data Since Am Utc Updated Every Hour,Negatif
SE Lecture Cryptocurrency,Negatif
"Let's Teach Cryptocurrency Trading Bandung Saturday Sciences used for Forex Lhobener Technical Analysis, aka reading graphics",Negatif
As Covid Fears Ravages All Financial Markets The Amount of Holders Grow in the Midst of this Hes What Went Down This Week in Crypto,Negatif
"Cryptocurrency event, this December wants a free ticket",Positif
WEEK WEEK WANT TO TEACH CRYPTOCURRENCY NOT,Negatif
"requirements to be affiliates as follows trading cryptocurrency to give signals to have social media traffic, for example YouTube Telegram has a plan on how to trade the volume numbers earlier",Positif
"guys the format is more or less like this, I know Cryptocurrency at the beginning, different investment vs. trading theory how to trade trading trading",Positif
"Not equal, it was now much better, the capital of the cellphone, a million boom, so it is established, selling online clothes, quota, teaching clocks every day, the result of adding cryptocurrency trading capital",Positif
"Teach Cryptocurrency Mama Mostly Reading Twitter Books Already Rich Is Crypto But if you ask the results the added is pretty good background, my Master Science Master, how come it's nothing",Positif
Okay Bandung here likes to play Bitcoin Forex Teaching Cryptocurrency Technical Analysis,Positif
Meme Cryptocurrency There is an educational content,Positif
Great Project with a Great Future Good Concept and Experienced Team Guaranteed Success I am Sure this Project will be at the top of the market,Positif
Want to start teaching which suggestions for video documentaries of Bitcoin Books for Dummies Cryptocurrency Traders Handbook,Negatif
more year to play institutional entering the complete crypto industry click,Positif
"FUD FEAR UNCENATAINTY AND DOUBT FEAR OF A FEAR OF FEAR OF DESCRIPTION Something FUD for the price of falling down on bad news silly social media, for example, rumors are true only bubbles",Negatif
"Talking about just a matter of technology, the game is also used as a cute and fascinated game cryptokitties game hardcore augmentors all implementation of blockchain consider complete info images",Negatif
Hello Digital DigitaliNangeid Welcoming Proclamation Day Merdeka Indonesia Digitalexhangeid There is a cryptocurrency meme competition still connecting digitalxchangeid complete information.,Positif
published a digital invoice blockchain platform,Negatif
"Hodler Where's the voice, Cryptocurrency Market Caps Caps Click Taut Join",Negatif
The market cycle is like this basic data on the results of the results of the chart of the graph of the year directly for the Golden Cryptocurrency Rule.,Positif
Very excited happy to get a photo with Mrs. Sri Mulyani the good part he mentioned the Cryptocurrency blockchain Speech last Monday was more on fire to embrace the future,Positif
"says Cryptocurrency's cool investment is the solution to what I have a discussion yesterday the problem of income sandwich generation note so it is not a mode of young investment, it is still new to the world in the world to use it",Positif
More billion Crypto has been stolen since the new report of the APWG AntiPhishing Working Group pointing to Trillion USD Cryptocurrency Steal Complete Click Link below,Positif
no need to trade ndek cryptocurrency for long -term investment in year ojok kakean imaginance pgn Akeh yo kerjo jes,Negatif
Cryptocurrency of Future Money,Negatif
Coincodex Prediction Bitcoin Achieved this high number in the time of the Halving month if you might be a comment below you can,Positif
Open Dyoramadan Kuncicoin Speakerspeaker Cool is available for knowledge for all good investment fruits.,Positif
"I really like a technical discussion with friends close to high school despite the different genre of forex trader trader trader crypto technical science, sometimes asking for this to do this, how come I ask for a fun exchange",Positif
Hi Hara Squad how do you get you if you are a new type of local crypto,Positif
"UKT is expensive, more affirmations can be lectured crypto ulti zero lecture, wine lecture year McLaren style, what color is boss",Negatif
Lakers Officially Install Banner Champion in Season Season in the Crypto Sky Crypto Arena how can you guys guys,Negatif
"get a matter of going down in April to close the gap if he hasn't bought it for him to correct it until he goes down to the middle of the gap, then I just bought it",Negatif
"again want to be straight misperception, sorry, I'm a bit less aimed at Bitcoin Crypto isolation, you need to know the supply of bitcoin in the ethf, the amount is very small than the amount of bitcoin supply",Negatif
good investment crypto try to hear you can be muehehe,Positif
"can stay the same sideways at the end of the year the name of the analysis is uncertain, your analysis is real wrong bitcoin instead of flying ATH is very good crypto that is stuck will be picky",Positif
"got a matter of closing the Netherlands AMP French investigation, it is natural that the allied state is later binance will focus on the non -blocking state of the country, not the allies",Positif
Millennial Friends Binance shock news last night on June so the crypto coin down after the binance,Negatif
can sir about going up and down the end of the year disclaimer on,Negatif
I have a chance I can see the technical patterns below is the candle weekly bitcoin you draw the blue line support to the blue line support the area,Negatif
"Q is brightly bright, Bitcoin goes up so many trading volumes NFT starts to rise until B and when Bullish yesterday you don't just share, you can share it below",Positif
while meeting the campus event so once asked how to get up and down the end of the year,Negatif
will be reaching the year we hear you can share below,Negatif
what is the law of crypto some different scholars can be halal things that are haram if yourself takes more and more dizzy yes simple halal halal how to sell halal money samples can be,Positif
"BTC only bull trap goes down whether you will sell the comments column of the comments, we can belong to many references",Positif
"Don't do the retas, there is a loss to threaten the text blocking the telegram for hackers, you can do it",Negatif
"Teach Crypto first with the Semarang Campus Fruit Program, Salafy Katok Katok Cingkrang Lan Dowo's beard can be about crypto not much different buying and selling.",Positif
get the same problem,Negatif
what can you girls wdyt,Negatif
current position cash crypto plan to cash crypto results rise can be the same as bitcoin can still be but the process of course tests a lot of support,Negatif
can stay the same if the words of words in the current situation may be laughing,Negatif
"Had a Crypto FTX world success business gadang now experienced bankruptcy, see clear content of one how to get cashtrians write the Reply column below",Positif
can you get fatah hook luna down mas,Negatif
Name for Save Salary Enough enough Palatao for investment to enter the trust unit to enter the Crypto advice in a row,Negatif
"Work you want to ask you guys, if you have to graduate from college, you have already made your own money, Crypto, when I graduated, I got a hard work",Positif
"If you buy crypto assets, what is the difference between buying gold assets, gold shops, gold shops can't take home, how can you, sir",Negatif
Everyone has their own POV so it is the same between each person in the statement bang xrp itself has a token now I'm proud to be different about,Positif
"Listen to the voice of the conscience, not people because of the responsibility of self -happiness is not",Positif
I just want to ask to get a time how do you know I am my brain error wrong right if the post proof is when diannnota winner,Negatif
Maybe Lunc Achieves the Dollar Price Tells to Comment the Complete Video Watch,Positif
Hello Friend Cr Good afternoon source of the word crypto is extreme,Positif
has read the climate document and energy implications of crypto assets in units states released white house office of science amp tech yesterday's important document read investor crypto documents can be,Positif
Retwet aims to hear the voice of the heart can not be someone because of the responsibility of self -happiness isn't it,Positif
Sushi TF H can be this admin can push buyer levels there are indications of advanced levels of breakouts will continue to level,Positif
"JP Morgan, how come it's good, the Fed Naikin Bps Dimon Check JP Morgan using the Crypto DPR Crypto Speaking event, I know that I plan to join the Crypto job to get Bitcoin here, I want to focus on China.",Positif
ask people to get less then so people can be like correction so it's better,Positif
BTC can be short up BTC Bitcoin day touch the price of up to ride crypto more safe amp stable long price touches Losing Bitcoin The opportunity to go down at a minimum price is lower again or lgi,Positif
New News of Crypto Asset Regulation Comes United States Crypto Asset Market Regulator United States SEC CFTC Collaborative Crypto Asset Product Regulation How Can Indodax Members There is a Collaboration of Regulation,Positif
"for the crypto currency, it continues to be a flower like the industrial sector of one of the soccer industries, some of the facts of pulling a bitcoin soccer world how can Tokonauts comment below",Negatif
"If you get Ethereum, this might be like this, remember this year Ethereum is completed for tens of millions of Ethereum fans.",Negatif
Yesterday Bitcoin slammed there the atmosphere of social media was very negative.,Negatif
Listen to people you have to also choose to take it right,Positif
"want to ask if you know if you want to share if you are confused about wanting to ask, for example, you doubt you deserve to grow up to become an indo international host I'm proud",Positif
"how can the CEO see the first Crypto Indonesia experience a very unlucky fate of low support, not yet the result of broken down what is the breakdown of crippto innovation according to the expectations of the jan market in the stamp",Negatif
Sole I can bearish so the analysis is not suitable with the analysis of friends who can be about solana while appealing eth I post May Still the price of the Link Reply Sila Share can be,Positif
Alexander HPTNER CEO Bitcoin Bitmex Exchange Clearly Posting the October Blog Rejects the Bitcoin Law of Central American State Mirror can be able to benefit the status quo bitcoin,Positif
You belong to you can have a strong determination not to repeat it can be damaged,Positif
The fruit can be used in deliberations to use the most appropriate advice,Positif
"It can be wrong, it is very possible that one person's mind is very possible",Negatif
can be better one can be three possible wrong,Negatif
"I sometimes understand that people are forced to pay for the collaboration of the YouTube era, so now see the scalperson so at crypto art nft i am so tired of dealing with these fuckers tbh end can be about collaboration with the same",Negatif
pairs of husband and wife belonging to each task is equally important in the household so it can be different to be friction,Positif
"Between the right of reason, can be intellect",Positif
Zzeru is indeed observing the price of crypto and can be a lot of westerners media about how Bitcoin leads the Yadda Yadda Revolution lecturer I have talked about because academics are always skeptical,Negatif
"Pak Prof. Mahfud MD maybe sir Nutul Salah type there is a cellphone button the keyboard is near the tut point. Sorry, sorry, I can only",Negatif
Respect for religious religious worship forbidden worship is one of the ways of peaceful community how you are able to call fish comments and twet Hastaq,Positif
"Can be a long stern of two, there will be no determination to disappear for a long time",Negatif
Indonesia must be free to choose the hug of religion we are confident until we can be free of organs as if the condition of Indonesia now fish Twet Hastaq comments,Positif
"Indonesia must be free to choose the hug of religion, we are confident that they are free until they can be free",Positif
can be sick,Negatif
"You can yourself, maybe digital currencies change conventional currencies",Negatif
Good news CEO Nasdaq Adena Friedman believes the future crypto currency of the world's money for the mechanism of paying more efficiently AMP right the future of your world currency is aimed at CEO Nasdaq,Positif
Careful Bitmex can many hash rates of two sides of the Hash Bitcoin Cash has been rented since the Fork,Positif
"you can be a boyfriend different, sure what the end is just choosing you h",Positif
"If you have a close friend, I like to ask for it after we give it, you can do it, what should I",Negatif
"How can you guys are old, what problem is, let's just let it be a young marriage, I want to marry old, it is important to lose, which loss is surprised.",Positif
can you,Negatif
found how could you be bg sableng,Negatif
Don't let people be successful,Positif
"It can be wrong, it is very possible that one person's mind is very possible",Negatif
can be better one can be three possible wrong,Negatif
"Between the right of reason, can be intellect",Positif
"Can be a long stern of two, there will be no determination to disappear for a long time",Negatif
How to rain on Saturday night how can you,Negatif
You belong to you can have a strong determination not to repeat it can be damaged,Positif
The fruit can be used in deliberations to use the most appropriate advice,Positif
"Sablegers in the afternoon tomorrow Tuesday, how can you",Negatif
Even the difference we always have when the difference in problems must be completed,Negatif
can you be with a smart dayak when watching the governor's candidate pair,Positif
Girls often ask guys to appear about appearing actually guys feel at home asking questions like that,Negatif
People ask to be able to give you in not wanting to accept not to lose the argument what is the e,Positif
can be as area or not to accept it or not pay just complaints with the same land there is a chaotic country,Negatif
percent of people suffering allodoxaphobia are afraid,Negatif
once hate delisa search to the end of the world,Negatif
Breaking CEO Blackrock Larry Fink The word digital gold amp fink the word digital gold,Negatif
POV So Manta Holder Same Has A few Ideas,Negatif
everyone echoed meme coin super mega cycle who spoke meme coin super mega bear market,Positif
BTC YAHH LAKE LOTT,Negatif
their general official MTGOX BREAKING PULAS CREDITOR,Positif
Tired of college more focus e Crypto lectures only get the title of playing crypto to get money,Positif
Local Indian,Negatif
The most severe law of corruptors is not a poor prison brackets Kurung still pays a lifestyle when a high lifestyle then forced a poor life is very painful,Negatif
Breaking CNBC Discuss maybe the US commands hold parts,Negatif
Breaking ETF Spot As withdrew the Flow Flow for more Long Week Week,Positif
Maaap Crypto I just changed gold if crypto,Negatif
Bang Edit,Negatif
"Saturday, hang out ordinary warkop",Negatif
Teaching technical analysis can understand the price of the price bro so the trading crypto is easier when you see the chart,Negatif
Breaking of good work assets since,Positif
Some IG Crypto Exchange accounts can access IP Indonesia IG Based in Indonesia there is a legal request for Kominfo if opening an IG Judol account is safe,Positif
Breaking Joe Biden Supports Kamala Harris Democratic candidates Choose President Moga Trump Choose,Negatif
Blz in Monitoring Bearish Trends,Negatif
GM Singapore,Negatif
Joe Biden Urges to Support the Crypto Milu US Regulation,Negatif
Commonwealth Bank Australia Limits of Customers Buy Crypto AUD per month Official Law to guard what bank liquidity can you watch full video full video,Positif
SND Genesis Battle Pass NFT is finished task claim hold wallet follow amp like twitter post Super Allowlist limit SND Battle Pass NFT for the OKX link,Positif
cute only thousand,Positif
Retail Gcek,Negatif
go up,Negatif
Breaking up,Negatif
Donald Trump will be talking about the world's big Bitcoin Conference,Negatif
"Ganok Arep Seng Kerjo nang web ki is rich now well, the basic people of indo lazy people wkwk",Positif
rebound,Negatif
"Viral Detail Loss What is the same as you know, wait for next information, so mentally soft, don't play crypto brothers better",Positif
"Twitter residents hobbies are indeed antem all debated until antem to fight the veins of the vibes like Facebook, don't have antem.",Negatif
"hopefully now aware of the technical analysis of the fundamental scam analysis of the scam there is always a relevant market for the market of hatred, never the social consensus market needs a new tumbalkorban bullish.",Positif
Outlook BTC BTC Now Now What Long Now Ken Cutloss is stuck in cutloss now BTC first fill in the FVG gap cme buy Altcoins again if the consolidated price in the otherwise will continue to k or,Positif
Type of CT Indonesia Alpha Original Ideas Early Brave Prediction Direction Rian Alpha Man Beta Main Safe Amp Translete Knowledge Content Only Fear of being bullied if the wrong prediction joins the Beta Soy Boy Tag CT Alpha Beta Beta version,Positif
squirrels please don't want a hospital to the shaman of Indonesia,Negatif
I share coin potential x now,Negatif
"that's what you need to avoid bang, don't play big leverage, big margin, don't just click on the approve contract link, don't buy meme dex if you understand the system",Negatif
"Imagine all Indonesian people together to buy solana meme coins when marketcap under the Nila RB when marketcap billions of all profit x RB money, so all of the rich people are cool",Positif
The great history began,Positif
Sitting calmly thought war,Positif
Crypto A account so ready to save routine must be diversified crypto a lanang hopefully if adult Rafaeyza Smart Money what field amiin,Positif
time a flame puh Sepuh,Negatif
"Really, the eyes of the copyright are good",Positif
people don't ask questions who are friends of friends,Negatif
Emmmm delicious,Positif
simple God when I peak help me until the new peak,Positif
have heard the relations less smart so people are successful too smart results,Positif
Wongwong Successful Iku Duwe Konco Nanging Dee Duwe Strong Seng Mergo Mergo Mergo Luwih Weigh,Positif
Bitcoin Halving so the wallet has filled out a lot of crypto or want to watch next to want to participate,Positif
"People realize things to change an advice to change a solely note a sign from the final March what will want to be the elderly of the executive analysis of the executive is not human control, hopefully",Negatif
Eyes continue to be very brain my brain continues to analyze seeing next year hope God wants to turn on,Positif
people give a lot of advice the meaning of being sold a lot of failing to believe that people continue to give true advice to demand the results,Positif
Happy all days is the history of Bitcoin Pizza Day Day Witness Bitcoin Exchange Two pieces of Pizza May Situ Bitcoin Change Digital Wang to become a global phenomenon,Positif
Last year the first transaction of Bitcoin to buy a pizza box see the price of bitcoin percoin now the way one way to find rich looking for altcoin every bullrun th once amps right this year which is rich more rich,Positif
"All in instant and inshallah, many young AMP Millionaire Millionaires are new in the year of AMP want",Positif
Self Binance CZ gets a month in prison despite the serious legal issues of the good news of the Crypto Industry Adoption Crypto Industry is more stable how you can full video,Positif
MC MB Realistic is on,Positif
Not True True Thank you for Healthy Development Always for you to want to see transactions see arbitrumscan,Positif
the world,Negatif
Ready,Positif
Watch out is not complete,Negatif
"In the past, blasphemous Crypto Scam Fomo, even almost allowed Crypto to enter Indonesia, now taking the Crypto State Tax Healthy",Positif
the answer is crypto,Negatif
Investment is distinguished by Crypto you mean crypto is not an investment,Negatif
ASIAP,Negatif
"I'm not mistaken, young investment so like I used to buy BTC, I got a trick of the web, bro, bro, it took the minimum year to understand the language of the crypto language language just now see fyp post an ulti zero bro",Positif
"It's cool, you know traceable and transparent if you wash money, don't use crypto",Positif
stop by,Negatif
Change boss,Negatif
direct,Positif
stop by brother,Negatif
Change stopped by,Negatif
gas bang,Negatif
come back,Negatif
stop by,Negatif
Watch out complete,Positif
already not commented takfollow stop by,Negatif
Bismillah Done N Wml,Negatif
FUCKKKKK MIS Transfer Crypto Ach,Negatif
BACK DAH HOLD GHZLI,Negatif
Crypto for many people,Positif
Wkakakakakakaa,Negatif
"All the victims of the victims almost handed over the tricks of people almost down ups and downs when the fighting was crypto never handed over to the supermegacycle. Happy flames, parents, parents, were orphans, poor people",Positif
Position parts per Apr hope good guard,Positif
parts bgb lg distack next a lot of bgb first,Positif
Do Your Own Research Crypto may follow people's advice because the unpredictable market,Positif
can connect wallet,Negatif
World's Most Stupid Club,Negatif
rb USD can be a how brp boss kl earn triv,Negatif
"Yes, I need the internet, I already explore all the Crypto Blockchain technology, I have read the Secure and Internetless Journal Connectivity to a Blockchain Network for Limited Connectivity Bank Users Hayo Don't Supergrep",Positif
Cryptoneuz Build Education,Negatif
it's already cuan when copid,Negatif
so that if you lose a mistake who is a crypto investment like you want to ride a roller coaster makes your heart advice is quite a rb rb Rb RB transaction fees Okay starts to have a CEX account,Positif
The account thread is really very helpful in understanding the basic crypto very confused about which start,Negatif
confused guys wkwk in often watching windah content when windah discusses crypto sorry don't be angry guys I really know,Negatif
GBK Crypto Academy Rame is really the direction of all expensive hotels,Negatif
wkwkwk poko a crypto account like that there is a twitter quote I try to ask what actually,Negatif
who believes crypto is,Negatif
hi bro n sis airdrop pepe via telephone,Negatif
HACK UPA Crypto Deception Mode For Twice At the Late of the End of Years the Official Channel Is Alright Just Reverse the Two Channel,Negatif
"Min, Youtube channel, JKT TV will be hacked by the Crypto Deception mode, if the membership organizers don't watch live premium days, how",Positif
Free Airdrop Enough Register Can Token For Free SmartContract Release Day,Positif
"Get UPT Token for Internet Quota for Register Day can be the first token, just fill in the Email Sajja Link Register",Positif
the story of cryptocurrency dfa coin russia parts,Negatif
the story of cryptocurrency dfa coin russia part end,Negatif
the story of crypto bass sharia Islamic coin arab part end,Negatif
Indonesia Records Oval Crypto Investor Transaction Transactions Rp. Trillion Iisal,Negatif
When was the release if tai apk door token crypto Islamic coin,Negatif
da nang is the next canggu,Negatif
the meaning of the logo of robbery behind the wealth then the world's global market for the results of the Poor Poor Yatim Affairs of the King of Crypto Indonesia Salute you,Negatif
Ramadan Mubarak Brother,Negatif
case of stealing amp tricks crypto billion rupiah assets,Negatif
Personal accounts are not for crypto just kdang tweet core sad first now,Negatif
UAK Ramal Crypto Horoscope Sunday Simpang Astrology Blockchain Iisal,Negatif
Azure Wallet Cooperated Visa Revolution Pay Crypto Translucent Traditional Iisal Boundary,Negatif
Swap on global probit Mineable Mineable Crypto Mine Innovation Iisal Crypto,Negatif
friends want to add skills so that trading crypto while now the bull market lgsng dm akyuu,Negatif
APAT NA BA BAHAHAPON KAHAPON,Negatif
History Day Crypto Sinar,Negatif
ask for an email address list sis from the Crypto Academy Team,Negatif
Hello Send Email Address List of Crypto Academy from the Crypto Academy Team The process is sorry for the inconvenience,Negatif
Thank You,Negatif
crazy crypto again good,Positif
Tg Only Username Tg Sitiaisah Name Tg Siti Aisah,Negatif
Tg Only Username Tg Sitiaisah Name Tg Siti Aisah,Negatif
Done All Step Username Tg Sitiaisah Name Tg Siti Aisah,Negatif
Done All Step Usermane Tg Sitiaisah Name Tg Siti Aisah,Negatif
Local Stocks Investment Day Us Crypto,Negatif
Ice List of Iceusdt Trade Open UTC February Join using the Caksur Reference Code,Negatif
Watching Crypto Arena like it's hard not impossible to hope for a later,Positif
used to be invited to crypto gamau kekeh parlay slot turn now btc to the moon following borne btc fomo ah,Negatif
XACCFFFDAFCEABDFCDAEC,Negatif
BCQYAEUHSNFFQKCDNJAHPYAPRSJGGGDSPML BTC Address,Negatif
Bismillah hopefully profit,Negatif
don't buy crypto which because you don't understand to keep watching sir,Negatif
Year Many Millionaire AMP Young Billioner Appears Hopefully You One of I said Years Crypto World Crypto Know the Moon AMP Year so it rises some truth to ride Crypto Supermegacycle Rice Sciences,Positif
The rating continues to go down yes yes yes I hope to be destroyed by Ice World Cryptobikin Neg see it,Negatif
Twitter See the investor account like the sp bucin ken ken play for the sake of market evidence after milling the green market both in and crypto,Negatif
"Happy Birthday Indodax to Moga Indodax is increasingly successful, more and more advanced, so that the Exchange No is more victorious Entering Global Exchange Top So the Global Cryptocurency Exchange Platform is a Global Crypto Transaction Place",Positif
Account Verification in the Name of Calling Kkarti Teaching Further Future The Future of Decentralization,Negatif
why call the tug,Negatif
"Verification of the account in the name of the ROJAJA Teaching Furthermore, the future of Decentralization of Build",Negatif
Account Verification in the Name of Ebiel Teaching Further Future Decentralization of Bangun,Negatif
Salute Crypto Humble Temperature Give Information Knowledge Even Risk Management Dicrypto Change Mindset Trading Investment Prophy Proposes,Negatif
Crypto Tax Regulation Leaks,Negatif
I have that much I entered the Defi Bang Bangun Porto Crypto then Defi Defi for me the foundation of building a defi portfolio I built the value of the capital below how to do the day the day is clear.,Positif
"not a fox person, but self must realize that now it is not the right time to continue to arrive when Kyak Gin",Positif
Just relax dancing,Negatif
Many of the attacking you are a fake doctor's interest in the interest of not a little survey instead of going up,Positif
Capital Million Sell Now Buy iPhone Pro Max Max Buying and Selling Iphone Pc Gaming Car Just Choose Which Want to Want,Negatif
"Teach Crypto Currency and German Practitioners fluent Indonesian, which is only good at German language, it is quite added Bitcoin Ecosystem",Positif
Account Verification in the Name of Panggil Ansory Teaching Further Future The Decentralization of Bangun,Negatif
Account Verification in the Name of Calling Kancil Teaching Further Future The Future of Decentralization,Negatif
"You belong to the same obstacle, what do I talk to the Ice core team written below",Negatif
Jatisrono,Negatif
Gu and Taut Join starting the dot amp play game to win the ace gu code Sayasantosowibowo. To get the basic rate of statistics directly transparent,Positif
Hello the participation of a large crypto project joining Alterprotocol using your Ruhmxn code also click Taut for the list,Positif
GM Kermit,Negatif
Kebuker Power of Muslimat Nu Giring,Negatif
"Account Verification in the Name of Ichihara Teaching Furthermore, the future of Decentralization of Bangun",Negatif
Paklangcom,Negatif
Trading Spot Now Open Iceusdt Trading Now Join the team in using the Sultancryptobarokah referral code,Negatif
"Account verification in the name of the Rivala Teaching Panggil Furthermore, the future of Decentralization of Build",Negatif
Account Verification in the Name of Panggil Manin Teaching Further Future The Decentralization of Bangun,Negatif
Spot Trading Now Open Iceusdt Trading Now Join the Team in the Referral Code of Farikhul,Negatif
Account Verification in the Name of Panggil Yulius Teaching Further Future The Decentralization of Build,Negatif
Account Verification in the Name of Panggil Kangmas Teaching Further Future Decentralization of Build,Negatif
Ad spam is not really lazy about the crypto advertisement,Positif
Account Verification in the Name of Darwis Teaching Further Future Decentralization of Bangun,Negatif
there is a significant change up once the month,Positif
"Porto Spot if nglashing like a crypto professor already started pedot wkwkw Copy trade afraid if you are good at champions, not racing, kwkw",Positif
"China forbids Crypto Yuan's completely illegal trading, but I just want to remember the hearts of many fud",Negatif
I promise myself and myself a vacuum brhnti cigarette later I smoke again when I dri million dri crypto next million,Negatif
Lia Safitri,Negatif
"If you are good at crypto, you don't use bank debt, interest rate per year to hold the meaning of the BTC X -meaning profit.",Positif
BCQGWGKSGCEKLEKXEZYHAQJGXMVQMJ,Negatif
Alhamdulillah Nike Gusti,Negatif
You can get Crypto,Negatif
yesterday crypto now my online gambling,Negatif
Forced Withdraw to Pay Roadtax The rate of entering so next year kene plan saving papted roadtax investment near crypto,Negatif
just buy bitcoin btc year,Negatif
Year Bitcoin Scam Strict Regulation Year All Bitcoin Not Circulation Must Must America Support Selfcustody AMP Reject CBDC Need Trump Trump Trump Needs to Support Milu USA,Negatif
Pi Network Coin Coins Independent Node Node Bitcoin Ethereum,Negatif
Elon Cyberpunk Musk,Negatif
Nashville's aim is definitely at the Bitcoin talking booth to buy a new Lorenzo merchandise,Positif
Bagus Bitcoin so the healthier level of public trust so the better Bitcoin Main Baby Boomer Tui Tui so calm BTC investment,Positif
Published LPT YAT Lorenzo Building Ecosystem Foundation Defi Building Basic Token Standards Hal Probably Cipta Product Defi is more complex using STBTC which is advanced Exploration may be Bitcoin Funds,Positif
November I remember really waiting for Bitcoin k,Positif
"Important Knowledge Real More Local Talking Bitcoin Aura Rotate more seriously, I talk to Pak Ton YT Channel Discussing the Tube Money Instrument",Positif
no need to bother looking for altcoin for gain x n x x enough dca bitcoin history repeat itself years of years all the same,Negatif
"Loss of Rana Steal Electric Bitcoin RM Bilion again Stealing King Laksa An Agenda Transfer of Rana Power Finding a source of Electric Baharu Power, which is the one who has been hit by we are hit",Negatif
Receive Bitcoin MTGOX to choose the Bitcoin he believes Bitcoin Bullish Wen Moon Ser,Negatif
Mrs. Sabah Krypto,Negatif
the chance of winning Trump is the greater the price of Bitcoin Flying,Positif
adoption of new payment technology and always the color of skepticism,Positif
Exclusive Info For VIP Members Three Strong Coins One Other General Coin Secret VIP Bitcoin Decrease K then K Kokinkoin remains Strong Higher Low Full Video Patterns,Positif
ACHEI UM HUB BITCOIN HAHHAHA,Negatif
"If Bitcoin arrives in March, I live streaming an empty cup there is a reward of Rp",Positif
Welcome to a new VIP member time to buy coins Check a list of coins.,Positif
Fiat Dollars call large scams Many people start to switch bitcoin bank have a strong law limit to buy American Bitcoin after foreign conflict tax,Positif
the big asset of the world of mindset,Negatif
Do not immediately believe the influencer says bitcoin will be if you buy bitcoin only loss better buy a meme coins down full video,Positif
is Dell the next microstrategy world rich world,Positif
Accurate Predictions Yesterday Channel said Bitcoin dropped because the gamestop came down clearly understood the market for market makers Broker Liquidity Providers Full Video,Positif
"hesitant bitcoin down your kidding had gold at the end of the wall street large institutional manipulation of the price of ETF, the opportunity for a large full video",Positif
"May when buying Alt Coins, not Bitcoin Old Season near many ALT Coin Discount Join VIP Telegram for Pandu Complete Live Update Ready to Profit Big Full Video",Positif
"The results of buying Bitcoin are very cheap, a lot of big discount coins yesterday my job for VIP members is sure now when I'm sure even though the cheap price of the market psychology makes you doubtful full video",Positif
Remember Trump coins used to rise now x the prediction of meme coins rising faster at the beginning of the Altcoin Season Bitcoin Halving cycle so the accumulation is now full video,Positif
Channel said Bitcoin All Time High New now we have warned June if the bearish short term buy on the desnov focus on the peak cycle of the Drop Full Video Cycle,Positif
Flexing Time Bitcoin Prediction from June Super Accurate Evidence June Morning Bitcoin Chart Really Decreased Let's Check Proof of Readyakiap Cuan Full Video,Positif
Bitcoin Update Facts with Btc Consolidation More Less Long Day April September Chart for the same process Down Corrective Up Impulsive Drop Again with Consolidation Base Scrg Chart Lower does not become the same stake,Negatif
part upgrade cvt matic check special promo prices like the original motor modif part via the link below shopee tokopedia lazada,Positif
Believe that young businesses do not have money to have a little money for buying assets and then the money has thrown assets a b c already telling the money to work is good at playing money right,Positif
Create skeptics see concrete evidence of VIP Telegram investment Member Profit results up to examples of Bitcoin Ether Switch Oval Community Real Results Join Now Full Video,Positif
Beach Walk Day is very happy to meet next month our Bitcoin Beach walk today was lots of fun see you again next month,Positif
Not everyone becomes a trader everyone becomes everyone's efforts to become an investor,Negatif
"ojo mentas sakdurunge complete ojo leren sakdurunge harvest ojo giving up nek ora ken urip is difficult, how come hd",Negatif
"wow halving bitcoin in front of your eyes, yes, all the markets will be green all the fomo can if you buy Skg wow, the market is lejit, selling SKG or Hold first, yes, all asking Halving, the crippopers will end.",Positif
there is a rice science science jembt does not see the flower,Negatif
Riot Platform Inc. Bitcoin Mining Business Almost never Dividend Investor I bought it but Im Sure this cycle is different it dalsnt Matter if Im wrong just using have fun money,Positif
Pasu is not a GES effort yesterday in Bitcoin,Negatif
Jom Tukaq Bitcoin,Negatif
animals similar to turtles whether temples,Negatif
You are my Bitcoin balance being taken into a dragon now,Negatif
Bitcoin vs Gold Digital Investment Tarung Iisal,Negatif
just ordinary presidential election if Bitcoin is okay,Positif
COMPARATION OF BITCOIN JCI,Negatif
New Citrea Innovation Bitcoin Iisal Scalability,Positif
Bitcoin Gold Silver Protected Investment in the middle of the Iisal Economic Turmoil,Positif
Ethiopia Sinar New Destination Bitcoin Global Iisal Mining,Positif
"where care bro, the important thing is to dance boss",Positif
"the problem of being stunted is vulnerable to which group is the lower class group, aka the hard stamp, it just falls the same as the lower classes",Negatif
Crypto Labur Labur,Negatif
Happy Raya Isra Mi Raj Prophet Muhammad SAW Moga Indonesia Peaceful Makmur Fair Protector Aamiin,Positif
Bitcoin is strong,Positif
Bitcoin I want to buy a white Diesel Innova car,Negatif
PS Strada Bitcoin prizes up to Rp,Negatif
"Verification of the account in the name of the Lutfil Teaching Panggil Furthermore, the future of Decentralization of Bangun",Negatif
"Account Verification in the Name of TMY Teaching Furthermore, the future of Decentralization of Bangun",Negatif
waiting for bitcoin to slam just say dead entering the RNDR,Negatif
I read hah hayday what restaurant hah trade trading bank bitcoin forex hah wheat switches of wheat gosh gaming wkwkwkwkw,Negatif
Account Verification in the Name of Delcentralized Muhammat's Name,Negatif
PS Strada Bitcoin prizes up to Rp,Negatif
Account verification in the name of the call to aditamaputra decentralization,Negatif
Bitcoin mine sir,Negatif
Account Verification in the Name of Panggil Yad Teaching Further Future Decentralization of Bangun,Negatif
Starting to teach ETF Bitcoin down the Bitcoin ETF spot slide,Negatif
Simpleng Data Pero Gem Nila to Alam Tara Samahan Nyo Kaming Manood Ng Live,Positif
Weve do not want this bitcoin prize up to Rp,Negatif
"Account verification in the name of the Rasihr Teaching Furthermore, the future of Decentralization of Bangun",Negatif
"Surprise See YouTube Bang Bang Siar Lantu Bitcoin Looks like ownership ofplaylist, Nagara Istitute Patra Video is gone",Negatif
Game Again Viral Pragmatic,Negatif
Grandfather Zeus Thousand Give Red Blue Lightning,Negatif
Just sleep,Negatif
You use a tripod stand so it is religious promotional functions Pajang fotobarcodeqris showing the direction of the promotional information board can be a tripod stand now click the bio link,Negatif
Verification of the account in the name Raden Teaching further Future Future Decentralization Build,Negatif
Account Verification in the Name of Calling Tahir Teaching Further Future The Future of Decentralization,Negatif
Verification of the account in the name of the Jazauraufa call name further teaching the future of Decentralization of Bangun,Negatif
"We have a good financial goal of planning, say good, buying out impulsive",Positif
If Elizabeth Stark all women can,Negatif
Mamih Inces gave a shock of the red lightning of JPeny million,Negatif
The woman born big Brooklyn San Francisco came the world of crypto shook all,Negatif
I have a BIO I have bitcoin mmg any point he makes trash,Negatif
Cheap Hair Advisor Hair Advisor Promo,Positif
Sis Sentiment Ride Bitcoin BTC The influence of the Fed America is starting to slop the year interest rates please please,Negatif
predictions and see the same year this year many new millionaires in the new billions,Positif
Pasuk Halving phase from May Bullish Uptrend immediately so Bullrun will be the month of Bitcoin Halving.,Negatif
"This is a prediction to see the same year of the new year's new millionaires for the new ATH Schedule, Red Year November Cycle Top Old Schedule Starting on November",Positif
buy bitcoin ah eh down,Negatif
Pasuk Phase This sign is the phase immediately starts,Negatif
"if so brave, the Indonesian APBN investment Bitcoin BUMN for the Bitcoin business of BUMN Bank Bitcoin Fish Investment Borrowed productive to customers for Bitcoin",Positif
